{"stats":{"minecraft:killed":{"minecraft:skeleton":3,"minecraft:chicken":4,"minecraft:zombie":280,"minecraft:drowned":10,"minecraft:husk":372},"minecraft:custom":{"minecraft:interact_with_crafting_table":38,"minecraft:open_barrel":65,"minecraft:bell_ring":2,"minecraft:leave_game":109,"minecraft:time_since_death":217,"minecraft:damage_resisted":1051,"minecraft:sprint_one_cm":6894073,"minecraft:damage_blocked_by_shield":5941,"minecraft:drop":32,"minecraft:deaths":36,"minecraft:jump":30753,"minecraft:walk_on_water_one_cm":239571,"minecraft:interact_with_furnace":33,"minecraft:play_one_minute":7515067,"minecraft:interact_with_loom":1,"minecraft:sleep_in_bed":4,"minecraft:damage_dealt":109737,"minecraft:crouch_one_cm":426023,"minecraft:inspect_dispenser":332,"minecraft:interact_with_smithing_table":4,"minecraft:inspect_dropper":9,"minecraft:mob_kills":865,"minecraft:interact_with_anvil":35,"minecraft:inspect_hopper":4,"minecraft:fill_cauldron":66,"minecraft:damage_dealt_resisted":24295,"minecraft:climb_one_cm":258493,"minecraft:walk_one_cm":4356878,"minecraft:sneak_time":339673,"minecraft:walk_under_water_one_cm":515726,"minecraft:interact_with_blast_furnace":2,"minecraft:tune_noteblock":12,"minecraft:pot_flower":118,"minecraft:time_since_rest":239,"minecraft:damage_taken":19030,"minecraft:damage_absorbed":1917,"minecraft:trigger_trapped_chest":81,"minecraft:swim_one_cm":99504,"minecraft:fly_one_cm":181935309,"minecraft:open_chest":458,"minecraft:fish_caught":1,"minecraft:fall_one_cm":374862},"minecraft:mined":{"minecraft:spruce_planks":3,"minecraft:grass_block":16,"minecraft:white_concrete":3,"minecraft:oak_wall_sign":1,"minecraft:spawner":1,"minecraft:smooth_stone":1,"minecraft:barrel":1,"minecraft:spruce_wood":2,"minecraft:iron_block":2,"minecraft:player_head":1,"minecraft:spruce_slab":1,"minecraft:tripwire":2,"minecraft:cyan_terracotta":1,"minecraft:torch":2,"minecraft:dark_oak_wood":1,"minecraft:white_stained_glass_pane":1,"minecraft:glass":1,"minecraft:wall_torch":6,"minecraft:seagrass":1,"minecraft:light_gray_wool":1,"minecraft:smooth_stone_slab":1,"minecraft:grass":99,"minecraft:dirt":4,"minecraft:oak_leaves":2,"minecraft:light_gray_stained_glass_pane":10,"minecraft:allium":1,"minecraft:spruce_leaves":214,"minecraft:large_fern":14,"minecraft:black_stained_glass_pane":2,"minecraft:andesite":6,"minecraft:peony":23,"minecraft:cyan_concrete":3,"minecraft:vine":6,"minecraft:scaffolding":6,"minecraft:glass_pane":17,"minecraft:dandelion":1,"minecraft:oak_fence":2,"minecraft:tall_grass":43,"minecraft:blue_bed":2,"minecraft:coarse_dirt":3,"minecraft:birch_leaves":9,"minecraft:sunflower":2,"minecraft:gravel":2,"minecraft:cobweb":1,"minecraft:fern":39},"minecraft:used":{"minecraft:peony":106,"minecraft:nether_brick_fence":55,"minecraft:light_blue_stained_glass_pane":98,"minecraft:writable_book":8,"minecraft:blue_terracotta":386,"minecraft:polished_granite_stairs":6,"minecraft:iron_shovel":60,"minecraft:light_gray_stained_glass_pane":393,"minecraft:melon":106,"minecraft:smooth_quartz_slab":49,"minecraft:polished_blackstone":121,"minecraft:dispenser":664,"minecraft:spruce_slab":3872,"minecraft:ladder":720,"minecraft:diamond_hoe":66,"minecraft:oak_sign":913,"minecraft:black_carpet":24,"minecraft:shield":126,"minecraft:chest":245,"minecraft:white_terracotta":8,"minecraft:stone":4109,"minecraft:iron_sword":77,"minecraft:zombie_spawn_egg":1836,"minecraft:creeper_head":4,"minecraft:bell":4,"minecraft:quartz_stairs":1815,"minecraft:grass":1205,"minecraft:player_head":28,"minecraft:smooth_sandstone_stairs":56,"minecraft:farmland":77,"minecraft:green_terracotta":26,"minecraft:spruce_leaves":1700,"minecraft:blue_stained_glass":21,"minecraft:prismarine_brick_stairs":21,"minecraft:carrot":8,"minecraft:orange_wool":81,"minecraft:allium":42,"minecraft:cyan_wool":7,"minecraft:stripped_spruce_log":2,"minecraft:obsidian":145,"minecraft:spruce_boat":1,"minecraft:glass":471,"minecraft:jungle_sapling":6,"minecraft:polished_blackstone_slab":91,"minecraft:cyan_terracotta":3690,"minecraft:netherite_shovel":6,"minecraft:bricks":536,"minecraft:quartz_slab":1684,"minecraft:villager_spawn_egg":20,"minecraft:quartz_pillar":1913,"minecraft:black_stained_glass_pane":419,"minecraft:red_wool":416,"minecraft:spruce_wood":1249,"minecraft:grass_block":8558,"minecraft:blue_orchid":5,"minecraft:quartz_block":678,"minecraft:polished_andesite_stairs":1255,"minecraft:green_wool":2055,"minecraft:wet_sponge":33,"minecraft:dark_oak_wood":50,"minecraft:dark_oak_leaves":315,"minecraft:dark_oak_slab":522,"minecraft:diorite_wall":136,"minecraft:pink_wool":69,"minecraft:stone_brick_stairs":3553,"minecraft:stone_bricks":2154,"minecraft:blue_banner":3,"minecraft:item_frame":245,"minecraft:bedrock":199,"minecraft:repeater":101,"minecraft:red_stained_glass_pane":70,"minecraft:birch_trapdoor":51,"minecraft:red_carpet":137,"minecraft:redstone_lamp":9,"minecraft:brown_carpet":8,"minecraft:bow":630,"minecraft:dark_oak_boat":3,"minecraft:hay_block":693,"minecraft:written_book":1,"minecraft:scaffolding":113,"minecraft:furnace":86,"minecraft:oak_sapling":57,"minecraft:beetroot_seeds":6,"minecraft:gray_bed":13,"minecraft:gold_block":11,"minecraft:polished_diorite_stairs":56,"minecraft:skeleton_skull":4,"minecraft:gray_banner":12,"minecraft:potato":53,"minecraft:green_stained_glass_pane":1,"minecraft:seagrass":450,"minecraft:large_fern":2,"minecraft:polished_blackstone_stairs":242,"minecraft:light_blue_carpet":50,"minecraft:zombie_horse_spawn_egg":1,"minecraft:dark_oak_stairs":1157,"minecraft:mossy_stone_bricks":9,"minecraft:diorite":2055,"minecraft:spruce_door":39,"minecraft:end_stone_bricks":74,"minecraft:dropper":66,"minecraft:wither_skeleton_skull":8,"minecraft:birch_leaves":5826,"minecraft:red_stained_glass":5,"minecraft:stone_pickaxe":22,"minecraft:gray_carpet":330,"minecraft:powered_rail":86,"minecraft:oak_planks":600,"minecraft:polished_diorite_slab":582,"minecraft:sandstone":198,"minecraft:redstone_block":11,"minecraft:black_glazed_terracotta":33,"minecraft:composter":85,"minecraft:blue_bed":4,"minecraft:diamond_axe":3,"minecraft:smooth_quartz_stairs":79,"minecraft:oak_leaves":67,"minecraft:white_wool":398,"minecraft:golden_apple":2,"minecraft:dark_oak_trapdoor":146,"minecraft:sand":28,"minecraft:light_blue_concrete":55,"minecraft:yellow_terracotta":4,"minecraft:cut_sandstone_slab":491,"minecraft:loom":37,"minecraft:light_blue_wool":320,"minecraft:blast_furnace":36,"minecraft:yellow_concrete":42,"minecraft:crossbow":76,"minecraft:stone_brick_wall":126,"minecraft:sponge":242,"minecraft:note_block":16,"minecraft:purple_terracotta":48,"minecraft:gray_concrete":392,"minecraft:black_bed":10,"minecraft:end_stone":14,"minecraft:birch_fence":298,"minecraft:redstone_torch":92,"minecraft:black_terracotta":15,"minecraft:lever":123,"minecraft:black_concrete":2,"minecraft:birch_fence_gate":15,"minecraft:birch_slab":293,"minecraft:heavy_weighted_pressure_plate":34,"minecraft:lime_carpet":9,"minecraft:light_gray_concrete":1795,"minecraft:barrier":191,"minecraft:zombie_head":44,"minecraft:cyan_carpet":3,"minecraft:stone_button":179,"minecraft:string":14,"minecraft:cyan_bed":2,"minecraft:brown_wool":103,"minecraft:lectern":1,"minecraft:red_terracotta":292,"minecraft:polished_granite":19,"minecraft:iron_door":37,"minecraft:cut_red_sandstone":332,"minecraft:gravel":643,"minecraft:polished_andesite_slab":618,"minecraft:coal_block":388,"minecraft:nether_wart_block":32,"minecraft:diamond_sword":1957,"minecraft:wooden_sword":34,"minecraft:andesite":54,"minecraft:smithing_table":45,"minecraft:dark_oak_fence":64,"minecraft:chain":144,"minecraft:white_stained_glass":211,"minecraft:birch_log":731,"minecraft:mossy_cobblestone_wall":16,"minecraft:smooth_stone_slab":11962,"minecraft:oak_boat":2,"minecraft:white_concrete":753,"minecraft:coarse_dirt":490,"minecraft:bone_meal":544,"minecraft:purple_wool":68,"minecraft:cobweb":346,"minecraft:oak_fence":469,"minecraft:oak_trapdoor":3,"minecraft:iron_bars":2595,"minecraft:petrified_oak_slab":77,"minecraft:jungle_leaves":15,"minecraft:stone_sword":16,"minecraft:acacia_log":65,"minecraft:flint_and_steel":2,"minecraft:armor_stand":368,"minecraft:redstone":725,"minecraft:zombie_villager_spawn_egg":35,"minecraft:light_gray_carpet":965,"minecraft:light_blue_terracotta":907,"minecraft:spruce_planks":2134,"minecraft:polished_blackstone_wall":3,"minecraft:oak_door":88,"minecraft:netherrack":52,"minecraft:torch":53,"minecraft:orange_stained_glass":44,"minecraft:anvil":583,"minecraft:dirt":753,"minecraft:red_nether_brick_slab":43,"minecraft:target":7,"minecraft:white_carpet":95,"minecraft:hopper":25,"minecraft:prismarine_bricks":149,"minecraft:spruce_stairs":1299,"minecraft:cobblestone_wall":420,"minecraft:stone_stairs":45,"minecraft:nether_brick_slab":12,"minecraft:yellow_carpet":4,"minecraft:pink_carpet":7,"minecraft:polished_granite_slab":41,"minecraft:golden_shovel":15,"minecraft:spruce_fence":1703,"minecraft:blue_concrete":184,"minecraft:nether_brick_stairs":39,"minecraft:oak_fence_gate":3,"minecraft:polished_diorite":2264,"minecraft:fern":14,"minecraft:andesite_wall":35,"minecraft:birch_door":53,"minecraft:dark_oak_planks":79,"minecraft:stone_brick_slab":2815,"minecraft:wooden_axe":11,"minecraft:sea_lantern":11,"minecraft:chipped_anvil":96,"minecraft:bookshelf":1981,"minecraft:light_gray_stained_glass":47,"minecraft:iron_block":3334,"minecraft:light_weighted_pressure_plate":7,"minecraft:oak_stairs":597,"minecraft:acacia_slab":15,"minecraft:spawner":247,"minecraft:smooth_quartz":1312,"minecraft:barrel":422,"minecraft:light_gray_wool":898,"minecraft:gray_glazed_terracotta":14,"minecraft:tripwire_hook":19,"minecraft:tall_grass":4,"minecraft:black_stained_glass":388,"minecraft:magenta_wool":45,"minecraft:iron_trapdoor":44,"minecraft:wolf_spawn_egg":11,"minecraft:white_stained_glass_pane":399,"minecraft:podzol":88,"minecraft:infested_cobblestone":47,"minecraft:acacia_wood":27,"minecraft:trapped_chest":134,"minecraft:stone_pressure_plate":107,"minecraft:cooked_beef":113,"minecraft:acacia_planks":27,"minecraft:orange_terracotta":33,"minecraft:orange_stained_glass_pane":2,"minecraft:mossy_stone_brick_wall":5,"minecraft:enchanted_golden_apple":17,"minecraft:light_gray_bed":91,"minecraft:wheat_seeds":210,"minecraft:quartz_bricks":23,"minecraft:cooked_mutton":35,"minecraft:water_bucket":2193,"minecraft:sandstone_stairs":830,"minecraft:snow_block":5,"minecraft:lodestone":8,"minecraft:prismarine_brick_slab":22,"minecraft:birch_planks":107,"minecraft:polished_andesite":4692,"minecraft:lime_wool":70,"minecraft:cartography_table":14,"minecraft:blue_wool":166,"minecraft:cut_sandstone":1349,"minecraft:spruce_sign":9,"minecraft:cauldron":76,"minecraft:spruce_fence_gate":22,"minecraft:green_bed":23,"minecraft:fletching_table":10,"minecraft:cobblestone_slab":194,"minecraft:cracked_stone_bricks":49,"minecraft:vine":37296,"minecraft:rail":894,"minecraft:orange_carpet":4,"minecraft:light_gray_banner":18,"minecraft:lime_terracotta":1053,"minecraft:comparator":1,"minecraft:oak_slab":163,"minecraft:tnt":722,"minecraft:crafting_table":573,"minecraft:birch_sign":4,"minecraft:campfire":47,"minecraft:white_bed":29,"minecraft:dark_oak_fence_gate":4,"minecraft:painting":145,"minecraft:magenta_carpet":5,"minecraft:infested_stone_bricks":7,"minecraft:spruce_log":1044,"minecraft:cake":5,"minecraft:smoker":9,"minecraft:dark_oak_door":140,"minecraft:oak_log":285,"minecraft:blue_stained_glass_pane":8,"minecraft:gray_terracotta":20,"minecraft:flower_pot":138,"minecraft:black_wool":465,"minecraft:apple":55,"minecraft:diamond_shovel":5,"minecraft:command_block":62,"minecraft:sunflower":1,"minecraft:map":4,"minecraft:cyan_concrete":79,"minecraft:stone_slab":251,"minecraft:spruce_trapdoor":11,"minecraft:spruce_sapling":187,"minecraft:yellow_wool":55,"minecraft:blue_carpet":46,"minecraft:green_carpet":164,"minecraft:fishing_rod":43,"minecraft:cobblestone":487,"minecraft:white_banner":9,"minecraft:andesite_stairs":77,"minecraft:bucket":1,"minecraft:jungle_door":2,"minecraft:lapis_block":127,"minecraft:sandstone_slab":2,"minecraft:glass_pane":1382,"minecraft:polished_blackstone_button":23,"minecraft:husk_spawn_egg":99,"minecraft:gray_wool":1017,"minecraft:splash_potion":1,"minecraft:smooth_stone":1819,"minecraft:jukebox":143,"minecraft:birch_stairs":257},"minecraft:broken":{"minecraft:shield":1},"minecraft:killed_by":{"minecraft:zombie":13,"minecraft:husk":3,"minecraft:skeleton":1},"minecraft:picked_up":{"minecraft:wooden_axe":12,"minecraft:iron_chestplate":4,"minecraft:birch_door":1,"minecraft:wheat":4,"minecraft:flower_pot":5,"minecraft:diamond_sword":10,"minecraft:lead":64,"minecraft:enchanted_book":2,"minecraft:golden_shovel":1,"minecraft:stone_brick_stairs":20,"minecraft:golden_sword":1,"minecraft:blue_concrete":9,"minecraft:string":3,"minecraft:smooth_stone_slab":3,"minecraft:iron_leggings":1,"minecraft:oak_sign":29,"minecraft:diamond_leggings":1,"minecraft:smooth_stone":2,"minecraft:gold_nugget":4,"minecraft:spruce_planks":65,"minecraft:light_weighted_pressure_plate":2,"minecraft:redstone_torch":5,"minecraft:iron_pickaxe":4,"minecraft:smooth_quartz":49,"minecraft:enchanted_golden_apple":138,"minecraft:coal_block":2,"minecraft:dark_oak_door":1,"minecraft:golden_helmet":3,"minecraft:stick":35,"minecraft:oak_fence":2,"minecraft:torch":12,"minecraft:spruce_stairs":2,"minecraft:porkchop":2,"minecraft:golden_chestplate":3,"minecraft:quartz_block":8,"minecraft:stone_sword":2,"minecraft:lime_carpet":1,"minecraft:command_block":1,"minecraft:rotten_flesh":763,"minecraft:tropical_fish":13,"minecraft:red_tulip":2,"minecraft:iron_block":2,"minecraft:cyan_terracotta":13,"minecraft:end_rod":2,"minecraft:bookshelf":1,"minecraft:cobblestone":86,"minecraft:leather_chestplate":3,"minecraft:feather":6,"minecraft:cooked_beef":56,"minecraft:water_bucket":1,"minecraft:andesite":107,"minecraft:black_bed":1,"minecraft:orange_carpet":2,"minecraft:golden_leggings":1,"minecraft:potato":14,"minecraft:dirt":210,"minecraft:name_tag":3,"minecraft:leather_boots":2,"minecraft:bone":2,"minecraft:bow":9,"minecraft:wheat_seeds":145,"minecraft:mossy_stone_bricks":18,"minecraft:diamond_helmet":2,"minecraft:powered_rail":4,"minecraft:cyan_concrete":42,"minecraft:oak_planks":3,"minecraft:stone_hoe":3,"minecraft:cooked_porkchop":59,"minecraft:birch_fence_gate":1,"minecraft:black_stained_glass_pane":2,"minecraft:sand":29,"minecraft:grass_block":2,"minecraft:red_terracotta":1,"minecraft:barrel":3,"minecraft:light_gray_concrete":16,"minecraft:polished_andesite":6,"minecraft:dispenser":1,"minecraft:yellow_carpet":1,"minecraft:lever":5,"minecraft:crossbow":13,"minecraft:white_concrete":246,"minecraft:grass":1,"minecraft:golden_apple":59,"minecraft:spruce_button":1,"minecraft:blue_banner":2,"minecraft:oak_sapling":2,"minecraft:light_gray_carpet":22,"minecraft:netherrack":1,"minecraft:coarse_dirt":83,"minecraft:allium":3,"minecraft:azure_bluet":2,"minecraft:chicken":5,"minecraft:ladder":3,"minecraft:leather_leggings":3,"minecraft:rabbit_stew":1,"minecraft:dragon_head":1,"minecraft:shield":9,"minecraft:heavy_weighted_pressure_plate":1,"minecraft:iron_axe":3,"minecraft:wooden_sword":1,"minecraft:flint_and_steel":1,"minecraft:white_carpet":4,"minecraft:item_frame":2,"minecraft:compass":2,"minecraft:birch_fence":1,"minecraft:cracked_stone_bricks":3,"minecraft:cartography_table":3,"minecraft:player_head":6,"minecraft:light_gray_wool":17,"minecraft:spruce_slab":1,"minecraft:chest":3,"minecraft:quartz_stairs":16,"minecraft:birch_sapling":37,"minecraft:diamond_hoe":5,"minecraft:oak_door":2,"minecraft:quartz_pillar":9,"minecraft:stone_button":22,"minecraft:carrot":4,"minecraft:redstone":16,"minecraft:blue_carpet":28,"minecraft:stone_pressure_plate":1,"minecraft:tnt":1,"minecraft:diamond_chestplate":3,"minecraft:arrow":195,"minecraft:cooked_cod":1,"minecraft:golden_hoe":1,"minecraft:peony":1,"minecraft:diamond_boots":2,"minecraft:gold_ingot":2,"minecraft:rail":19,"minecraft:oxeye_daisy":1,"minecraft:birch_leaves":1,"minecraft:clock":2,"minecraft:tripwire_hook":2,"minecraft:salmon":1,"minecraft:filled_map":1,"minecraft:golden_boots":1,"minecraft:blue_bed":2,"minecraft:red_carpet":2,"minecraft:gray_carpet":7,"minecraft:apple":132,"minecraft:stone_bricks":67,"minecraft:rabbit_hide":1,"minecraft:iron_ingot":2,"minecraft:stone_pickaxe":2,"minecraft:iron_sword":4,"minecraft:book":27,"minecraft:scaffolding":20,"minecraft:stone_brick_slab":1,"minecraft:dandelion":1,"minecraft:gravel":35,"minecraft:birch_stairs":2,"minecraft:spruce_sapling":18,"minecraft:spruce_log":4,"minecraft:green_carpet":1,"minecraft:leather_helmet":3,"minecraft:polished_diorite":2,"minecraft:gray_banner":2,"minecraft:iron_helmet":1,"minecraft:diamond_axe":3,"minecraft:painting":2,"minecraft:pink_dye":3,"minecraft:sunflower":4},"minecraft:dropped":{"minecraft:seagrass":1,"minecraft:wheat":2,"minecraft:enchanted_golden_apple":16,"minecraft:wheat_seeds":8,"minecraft:torch":1,"minecraft:iron_axe":1,"minecraft:red_terracotta":1,"minecraft:spruce_log":1,"minecraft:bow":1}},"DataVersion":2567}