{"stats":{"minecraft:killed_by":{"minecraft:player":2,"minecraft:skeleton":2,"minecraft:creeper":3,"minecraft:spider":1},"minecraft:dropped":{"minecraft:porkchop":10,"minecraft:birch_planks":1,"minecraft:diamond_axe":1,"minecraft:birch_sapling":4,"minecraft:feather":1,"minecraft:iron_boots":1,"minecraft:stick":2,"minecraft:gunpowder":3,"minecraft:iron_chestplate":1,"minecraft:diamond_pickaxe":1,"minecraft:oak_sapling":1,"minecraft:iron_axe":1,"minecraft:egg":1},"minecraft:custom":{"minecraft:interact_with_furnace":3,"minecraft:mob_kills":1,"minecraft:interact_with_crafting_table":17,"minecraft:leave_game":1,"minecraft:time_since_death":970,"minecraft:sleep_in_bed":6,"minecraft:climb_one_cm":57577,"minecraft:time_since_rest":1012,"minecraft:sprint_one_cm":157498,"minecraft:damage_taken":5319,"minecraft:walk_one_cm":194805,"minecraft:trigger_trapped_chest":7,"minecraft:drop":20,"minecraft:damage_dealt":486,"minecraft:swim_one_cm":20284,"minecraft:fly_one_cm":168335,"minecraft:player_kills":1,"minecraft:open_chest":33,"minecraft:crouch_one_cm":23729,"minecraft:play_time":83823,"minecraft:deaths":11,"minecraft:sneak_time":8920,"minecraft:walk_under_water_one_cm":5115,"minecraft:boat_one_cm":94468,"minecraft:jump":1012,"minecraft:walk_on_water_one_cm":7728,"minecraft:total_world_time":83823,"minecraft:fall_one_cm":48937},"minecraft:picked_up":{"minecraft:birch_log":122,"minecraft:iron_chestplate":2,"minecraft:crafting_table":1,"minecraft:birch_door":1,"minecraft:feather":3,"minecraft:chicken":3,"minecraft:ladder":158,"minecraft:birch_slab":14,"minecraft:andesite":17,"minecraft:birch_planks":486,"minecraft:oak_log":28,"minecraft:shield":1,"minecraft:gunpowder":6,"minecraft:lapis_lazuli":23,"minecraft:dirt":81,"minecraft:raw_copper":5,"minecraft:iron_axe":2,"minecraft:iron_leggings":7,"minecraft:iron_shovel":1,"minecraft:birch_fence":6,"minecraft:bone":10,"minecraft:beef":4,"minecraft:stone_pickaxe":2,"minecraft:sugar_cane":64,"minecraft:birch_sapling":15,"minecraft:oak_planks":2,"minecraft:iron_boots":1,"minecraft:egg":1,"minecraft:stick":20,"minecraft:sandstone":2,"minecraft:cooked_porkchop":1,"minecraft:birch_boat":1,"minecraft:birch_trapdoor":1,"minecraft:torch":1,"minecraft:porkchop":8,"minecraft:blast_furnace":1,"minecraft:diorite":63,"minecraft:dark_oak_log":1,"minecraft:arrow":2,"minecraft:rotten_flesh":4,"minecraft:peony":22,"minecraft:diamond_axe":3,"minecraft:bread":5,"minecraft:oak_sapling":4,"minecraft:mutton":1,"minecraft:cobblestone":273,"minecraft:diamond_pickaxe":7},"minecraft:crafted":{"minecraft:oak_planks":24,"minecraft:crafting_table":1,"minecraft:iron_sword":1,"minecraft:birch_slab":78,"minecraft:birch_planks":320,"minecraft:ladder":36,"minecraft:stick":112,"minecraft:birch_trapdoor":4},"minecraft:killed":{"minecraft:creeper":1,"minecraft:zombie":1,"minecraft:chicken":1},"minecraft:mined":{"minecraft:ladder":1,"minecraft:grass_block":2,"minecraft:cobblestone":6,"minecraft:birch_slab":1,"minecraft:diorite":2,"minecraft:sandstone":3,"minecraft:birch_log":46,"minecraft:birch_trapdoor":2,"minecraft:birch_leaves":19,"minecraft:peony":4,"minecraft:grass":3,"minecraft:oak_log":28,"minecraft:sand":3,"minecraft:dirt":3,"minecraft:stone":27,"minecraft:oak_leaves":12},"minecraft:used":{"minecraft:water_bucket":1,"minecraft:birch_planks":109,"minecraft:oak_planks":5,"minecraft:ladder":79,"minecraft:birch_boat":1,"minecraft:iron_sword":2,"minecraft:diamond_axe":2,"minecraft:rotten_flesh":1,"minecraft:torch":1,"minecraft:dirt":64,"minecraft:birch_fence":2,"minecraft:birch_door":1,"minecraft:diamond_pickaxe":41,"minecraft:birch_slab":27,"minecraft:chicken":1,"minecraft:iron_axe":82,"minecraft:bread":3,"minecraft:birch_trapdoor":4,"minecraft:cobblestone":56,"minecraft:porkchop":2,"minecraft:bucket":2,"minecraft:iron_leggings":4}},"DataVersion":3120}