{"stats":{"minecraft:broken":{"minecraft:stone_axe":1,"minecraft:wooden_pickaxe":1},"minecraft:killed_by":{"minecraft:creeper":1},"minecraft:picked_up":{"minecraft:crafting_table":3,"minecraft:ladder":2,"minecraft:oak_log":17,"minecraft:string":2,"minecraft:dirt":11,"minecraft:cooked_mutton":6,"minecraft:acacia_planks":71,"minecraft:apple":1,"minecraft:wheat_seeds":3,"minecraft:acacia_fence_gate":1,"minecraft:stone_pickaxe":3,"minecraft:light_gray_wool":2,"minecraft:melon_slice":22,"minecraft:oak_planks":24,"minecraft:acacia_sapling":5,"minecraft:furnace":1,"minecraft:egg":1,"minecraft:stick":102,"minecraft:acacia_fence":32,"minecraft:torch":1,"minecraft:acacia_log":74,"minecraft:white_bed":5,"minecraft:spider_eye":1,"minecraft:rotten_flesh":1,"minecraft:stone_axe":2,"minecraft:acacia_slab":95,"minecraft:skeleton_skull":2,"minecraft:mutton":7,"minecraft:coal":10,"minecraft:white_wool":4,"minecraft:cobblestone":111},"minecraft:mined":{"minecraft:acacia_leaves":10,"minecraft:white_bed":5,"minecraft:crafting_table":4,"minecraft:acacia_log":77,"minecraft:grass_block":2,"minecraft:cobblestone":2,"minecraft:tall_grass":2,"minecraft:acacia_slab":21,"minecraft:furnace":1,"minecraft:grass":6,"minecraft:coal_ore":12,"minecraft:oak_log":17,"minecraft:acacia_fence":23,"minecraft:dirt":9,"minecraft:acacia_planks":3,"minecraft:stone":51,"minecraft:oak_leaves":4,"minecraft:orange_bed":1},"minecraft:used":{"minecraft:cooked_mutton":7,"minecraft:acacia_log":2,"minecraft:stone_pickaxe":18,"minecraft:chest":6,"minecraft:wooden_pickaxe":58,"minecraft:torch":1,"minecraft:dirt":10,"minecraft:crafting_table":4,"minecraft:white_bed":6,"minecraft:acacia_sapling":5,"minecraft:apple":1,"minecraft:melon_slice":7,"minecraft:acacia_slab":234,"minecraft:stone_axe":167,"minecraft:cobblestone":4,"minecraft:furnace":2,"minecraft:acacia_fence":71,"minecraft:egg":1,"minecraft:acacia_planks":35},"minecraft:dropped":{"minecraft:wheat_seeds":2,"minecraft:acacia_fence_gate":1},"minecraft:crafted":{"minecraft:oak_planks":44,"minecraft:crafting_table":2,"minecraft:acacia_slab":288,"minecraft:wooden_pickaxe":1,"minecraft:furnace":1,"minecraft:stone_axe":2,"minecraft:cooked_mutton":7,"minecraft:air":0,"minecraft:charcoal":6,"minecraft:stick":208,"minecraft:stone_pickaxe":1,"minecraft:chest":6,"minecraft:acacia_fence":57,"minecraft:white_bed":1,"minecraft:acacia_planks":288},"minecraft:custom":{"minecraft:interact_with_furnace":13,"minecraft:mob_kills":4,"minecraft:interact_with_crafting_table":22,"minecraft:bell_ring":12,"minecraft:leave_game":1,"minecraft:time_since_death":12253,"minecraft:sleep_in_bed":6,"minecraft:climb_one_cm":49030,"minecraft:time_since_rest":3262,"minecraft:sprint_one_cm":130227,"minecraft:damage_taken":810,"minecraft:walk_one_cm":173562,"minecraft:drop":3,"minecraft:damage_dealt":668,"minecraft:swim_one_cm":14797,"minecraft:talked_to_villager":1,"minecraft:fly_one_cm":273903,"minecraft:open_chest":39,"minecraft:crouch_one_cm":32371,"minecraft:play_time":82909,"minecraft:deaths":2,"minecraft:sneak_time":10200,"minecraft:walk_under_water_one_cm":11311,"minecraft:jump":1205,"minecraft:walk_on_water_one_cm":15441,"minecraft:total_world_time":82909,"minecraft:fall_one_cm":28306},"minecraft:killed":{"minecraft:spider":1,"minecraft:creeper":1,"minecraft:sheep":1,"minecraft:chicken":1,"minecraft:drowned":1}},"DataVersion":3120}