{"stats":{"minecraft:killed_by":{"minecraft:player":2,"minecraft:creeper":3,"minecraft:drowned":6,"minecraft:chicken":1,"sanitydim:sneaking_terror":1,"minecraft:zombie":1},"minecraft:dropped":{"minecraft:bread":4,"minecraft:birch_planks":68,"minecraft:cobblestone":136,"minecraft:coal":10,"demogorgon:blighted_planks":10,"minecraft:cobweb":1,"minecraft:torch":15,"minecraft:iron_pickaxe":1,"minecraft:string":4,"minecraft:birch_log":37,"minecraft:white_wool":1,"minecraft:stone_axe":1,"minecraft:cooked_chicken":3,"minecraft:stone_sword":1,"minecraft:cobbled_deepslate":96,"minecraft:stone_shovel":1,"minecraft:rotten_flesh":9,"minecraft:iron_boots":1,"minecraft:white_bed":1,"minecraft:stone":56,"demogorgon:blighted_log_hyphae":1,"minecraft:andesite":2,"minecraft:wooden_pickaxe":1,"minecraft:stone_pickaxe":3},"minecraft:custom":{"minecraft:mob_kills":38,"minecraft:interact_with_crafting_table":55,"minecraft:open_barrel":2,"minecraft:leave_game":16,"minecraft:time_since_death":1369,"minecraft:climb_one_cm":41765,"minecraft:sprint_one_cm":334525,"minecraft:walk_one_cm":543798,"minecraft:damage_blocked_by_shield":885,"minecraft:drop":109,"minecraft:play_time":189569,"minecraft:sneak_time":12870,"minecraft:deaths":14,"minecraft:walk_under_water_one_cm":19204,"minecraft:boat_one_cm":6056,"minecraft:jump":3248,"minecraft:walk_on_water_one_cm":32456,"minecraft:total_world_time":189569,"minecraft:interact_with_furnace":24,"minecraft:sleep_in_bed":11,"minecraft:time_since_rest":1396,"minecraft:damage_taken":4720,"minecraft:trigger_trapped_chest":8,"minecraft:damage_dealt":6335,"minecraft:swim_one_cm":23026,"minecraft:fly_one_cm":369848,"minecraft:open_chest":49,"minecraft:crouch_one_cm":35978,"minecraft:interact_with_smoker":8,"minecraft:fall_one_cm":53745},"minecraft:picked_up":{"minecraft:wooden_axe":1,"minecraft:crafting_table":8,"minecraft:iron_chestplate":3,"minecraft:birch_door":17,"minecraft:ladder":3,"minecraft:wooden_pickaxe":5,"minecraft:shield":4,"minecraft:string":12,"minecraft:raw_copper":10,"minecraft:iron_axe":3,"minecraft:iron_leggings":3,"minecraft:iron_shovel":2,"minecraft:birch_fence":2,"minecraft:cobbled_deepslate":227,"minecraft:bucket":2,"demogorgon:blighted_planks":24,"minecraft:beef":9,"minecraft:cobblestone_slab":22,"minecraft:poppy":7,"minecraft:iron_pickaxe":1,"minecraft:sugar_cane":7,"minecraft:birch_sapling":8,"minecraft:iron_boots":4,"minecraft:egg":3,"minecraft:stick":48,"minecraft:raw_iron":30,"minecraft:stone":56,"minecraft:torch":44,"minecraft:porkchop":3,"minecraft:diorite":183,"minecraft:rotten_flesh":18,"minecraft:stone_sword":1,"minecraft:arrow":2,"minecraft:stone_shovel":1,"minecraft:peony":1,"demogorgon:blighted_log_hyphae":3,"minecraft:cracked_deepslate_bricks":2,"minecraft:mutton":3,"minecraft:skeleton_skull":10,"minecraft:white_wool":1,"minecraft:cobblestone":1348,"minecraft:birch_log":106,"minecraft:birch_slab":47,"minecraft:andesite":28,"minecraft:black_bed":4,"minecraft:leather":6,"minecraft:birch_planks":101,"minecraft:oak_log":10,"horror_element_mod:villager_head":1,"minecraft:gunpowder":1,"sanitydim:garland":1,"minecraft:lapis_lazuli":35,"minecraft:dirt":227,"minecraft:cooked_mutton":1,"demogorgon:blighted_log":1,"minecraft:bone":9,"minecraft:wheat_seeds":1,"minecraft:raw_gold":13,"minecraft:iron_ingot":1,"minecraft:stone_pickaxe":9,"minecraft:cooked_chicken":4,"minecraft:cobweb":1,"minecraft:black_candle":1,"minecraft:cooked_porkchop":1,"minecraft:birch_boat":5,"minecraft:sand":2,"minecraft:blast_furnace":1,"minecraft:white_bed":10,"minecraft:dark_oak_log":1,"minecraft:spider_eye":5,"minecraft:stone_axe":7,"minecraft:soul_lantern":1,"minecraft:granite":68,"minecraft:painting":1,"minecraft:gray_wool":1,"minecraft:bread":35,"minecraft:oak_sapling":2,"minecraft:black_wool":1,"minecraft:coal":184,"minecraft:diamond_pickaxe":4},"minecraft:crafted":{"minecraft:oak_planks":40,"minecraft:cobblestone_slab":54,"minecraft:stone_shovel":2,"demogorgon:blighted_planks":12,"minecraft:birch_boat":3,"minecraft:cooked_chicken":1,"minecraft:birch_slab":36,"minecraft:furnace":2,"minecraft:cooked_mutton":2,"minecraft:iron_boots":1,"minecraft:iron_axe":1,"minecraft:ladder":15,"minecraft:stone_pickaxe":5,"minecraft:chest":1,"minecraft:birch_door":9,"minecraft:crafting_table":10,"minecraft:wooden_pickaxe":2,"minecraft:golden_pickaxe":2,"minecraft:birch_planks":320,"minecraft:stone_axe":1,"minecraft:air":0,"minecraft:oak_boat":2,"minecraft:white_wool":1,"minecraft:iron_chestplate":1,"minecraft:shield":1,"minecraft:birch_fence":36,"minecraft:stick":84,"minecraft:iron_ingot":22,"minecraft:wooden_axe":1,"minecraft:stone_sword":2,"minecraft:iron_leggings":1,"minecraft:gold_ingot":11,"minecraft:torch":56},"minecraft:killed":{"minecraft:spider":9,"minecraft:skeleton":4,"minecraft:chicken":1,"minecraft:drowned":11,"minecraft:pig":1,"minecraft:creeper":1,"minecraft:sheep":2,"minecraft:zombie":4,"minecraft:cow":4},"minecraft:mined":{"minecraft:white_bed":10,"minecraft:dark_oak_log":1,"demogorgon:blighted_log_hyphae":1,"demogorgon:blighted_planks":8,"minecraft:granite":32,"minecraft:ladder":3,"minecraft:grass_block":35,"minecraft:birch_slab":30,"horror_element_mod:villager_head":1,"minecraft:iron_ore":30,"minecraft:cobbled_deepslate":33,"minecraft:andesite":15,"minecraft:deepslate_lapis_ore":5,"minecraft:peony":1,"minecraft:sculk_shrieker":1,"minecraft:cobblestone_slab":10,"minecraft:black_candle":1,"horror_element_mod:crucified_body":1,"demogorgon:blighted_log":1,"minecraft:stone":618,"minecraft:glass_pane":3,"minecraft:kelp_plant":1,"minecraft:crafting_table":6,"minecraft:torch":7,"minecraft:blast_furnace":1,"minecraft:poppy":1,"minecraft:cobblestone":176,"minecraft:copper_ore":1,"minecraft:deepslate_gold_ore":6,"minecraft:cracked_deepslate_bricks":1,"minecraft:diorite":75,"minecraft:wall_torch":21,"minecraft:birch_log":69,"minecraft:birch_leaves":2,"minecraft:birch_door":11,"minecraft:black_bed":3,"minecraft:grass":10,"minecraft:coal_ore":20,"minecraft:oak_log":10,"minecraft:sand":1,"minecraft:dirt":151,"minecraft:cobweb":2,"minecraft:gold_ore":7,"minecraft:oak_leaves":1,"minecraft:deepslate":195,"minecraft:birch_fence":2},"minecraft:broken":{"sanitydim:garland":1,"minecraft:golden_pickaxe":2,"minecraft:stone_shovel":1},"minecraft:used":{"minecraft:stone_sword":28,"minecraft:stone_shovel":148,"minecraft:ladder":18,"minecraft:chest":1,"minecraft:shield":25,"minecraft:rotten_flesh":3,"minecraft:cooked_chicken":2,"minecraft:iron_chestplate":1,"minecraft:torch":64,"minecraft:dirt":124,"minecraft:birch_door":17,"minecraft:wooden_axe":47,"minecraft:iron_axe":47,"horror_element_mod:villager_head":1,"minecraft:furnace":2,"minecraft:egg":3,"minecraft:cobbled_deepslate":131,"minecraft:cooked_mutton":3,"minecraft:water_bucket":17,"minecraft:diorite":13,"minecraft:birch_planks":6,"minecraft:stone_pickaxe":388,"minecraft:birch_boat":7,"minecraft:wooden_pickaxe":46,"minecraft:cobblestone_slab":59,"demogorgon:blighted_planks":10,"minecraft:crafting_table":16,"minecraft:white_bed":9,"minecraft:black_bed":5,"minecraft:painting":1,"minecraft:birch_fence":37,"minecraft:diamond_pickaxe":733,"minecraft:birch_slab":42,"minecraft:bread":11,"minecraft:iron_pickaxe":17,"minecraft:soul_lantern":2,"minecraft:stone_axe":79,"minecraft:cobblestone":565,"minecraft:bucket":17,"minecraft:black_candle":2,"minecraft:oak_boat":2,"minecraft:golden_pickaxe":64,"minecraft:cobweb":5}},"DataVersion":3120}