{"stats":{"minecraft:killed_by":{"minecraft:creeper":5,"minecraft:spider":1,"demogorgon:demogorgon":3,"minecraft:skeleton":2,"minecraft:zombie":1},"minecraft:dropped":{"minecraft:iron_ingot":16,"minecraft:coal":57,"demogorgon:blighted_planks":4,"minecraft:ink_sac":1,"minecraft:torch":8,"minecraft:melon_slice":22,"minecraft:acacia_planks":46,"minecraft:bone":1,"minecraft:stone_axe":1,"minecraft:stone_sword":1,"minecraft:raw_iron":9,"minecraft:rotten_flesh":1,"demogorgon:blighted_flesh":1,"minecraft:acacia_slab":10,"minecraft:stone_pickaxe":2},"minecraft:custom":{"minecraft:mob_kills":46,"minecraft:interact_with_crafting_table":58,"minecraft:leave_game":11,"minecraft:time_since_death":511,"minecraft:climb_one_cm":144282,"minecraft:sprint_one_cm":589667,"minecraft:walk_one_cm":486757,"minecraft:damage_blocked_by_shield":1520,"minecraft:drop":92,"minecraft:talked_to_villager":7,"minecraft:play_time":256780,"minecraft:deaths":20,"minecraft:sneak_time":25716,"minecraft:walk_under_water_one_cm":43820,"minecraft:jump":5631,"minecraft:walk_on_water_one_cm":38165,"minecraft:total_world_time":256780,"minecraft:interact_with_furnace":48,"minecraft:sleep_in_bed":18,"minecraft:time_since_rest":543,"minecraft:damage_taken":7823,"minecraft:damage_dealt":7266,"minecraft:swim_one_cm":90904,"minecraft:fly_one_cm":1218995,"minecraft:open_chest":159,"minecraft:crouch_one_cm":92332,"minecraft:fall_one_cm":161048},"minecraft:picked_up":{"minecraft:wooden_axe":1,"minecraft:fishing_rod":1,"minecraft:crafting_table":7,"minecraft:chicken":1,"minecraft:ladder":28,"minecraft:wooden_pickaxe":1,"minecraft:potion":1,"minecraft:shield":6,"minecraft:string":4,"minecraft:raw_copper":101,"minecraft:iron_axe":5,"demogorgon:blighted_planks":6,"minecraft:beef":11,"minecraft:acacia_fence_gate":2,"minecraft:poppy":3,"minecraft:melon_slice":200,"minecraft:furnace":1,"minecraft:egg":1,"minecraft:stick":348,"minecraft:raw_iron":35,"minecraft:acacia_fence":15,"minecraft:torch":67,"minecraft:acacia_log":256,"minecraft:gray_dye":10,"minecraft:porkchop":2,"minecraft:diorite":9,"minecraft:dark_oak_planks":1,"minecraft:black_dye":1,"horror_element_mod:herobrine_head":2,"horror_element_mod:impaled_head":5,"minecraft:stone_shovel":1,"minecraft:stone_sword":2,"minecraft:arrow":16,"minecraft:rotten_flesh":45,"minecraft:hay_block":2,"minecraft:mutton":32,"minecraft:skeleton_skull":3,"minecraft:white_wool":13,"minecraft:cobblestone":179,"minecraft:nautilus_shell":1,"minecraft:water_bucket":2,"minecraft:andesite":14,"minecraft:leather":6,"minecraft:golden_leggings":1,"minecraft:acacia_wood":2,"minecraft:flint":5,"minecraft:oak_log":15,"minecraft:gunpowder":7,"minecraft:dirt":159,"minecraft:cooked_mutton":1,"demogorgon:blighted_log":2,"minecraft:bone":18,"minecraft:acacia_planks":205,"minecraft:bow":3,"minecraft:wheat_seeds":13,"minecraft:iron_ingot":18,"minecraft:stone_pickaxe":12,"minecraft:glass_bottle":2,"minecraft:oak_planks":30,"minecraft:acacia_sapling":6,"minecraft:red_concrete_powder":1,"minecraft:cooked_porkchop":12,"minecraft:gravel":44,"minecraft:sand":104,"minecraft:ink_sac":6,"minecraft:white_bed":3,"minecraft:light_gray_concrete":3,"demogorgon:blighted_flesh":3,"minecraft:slime_ball":8,"minecraft:stone_axe":3,"minecraft:iron_helmet":4,"minecraft:granite":6,"minecraft:white_concrete":6,"minecraft:bread":38,"minecraft:acacia_slab":57,"minecraft:oak_sapling":6,"minecraft:brown_banner":2,"minecraft:melon_seeds":12,"minecraft:black_wool":1,"minecraft:red_concrete":24,"minecraft:coal":165},"minecraft:crafted":{"minecraft:black_dye":4,"minecraft:light_gray_concrete_powder":8,"minecraft:oak_planks":68,"minecraft:stone_shovel":1,"demogorgon:blighted_planks":8,"minecraft:furnace":1,"minecraft:acacia_fence_gate":2,"minecraft:gray_dye":6,"minecraft:bone_meal":27,"minecraft:cooked_mutton":16,"minecraft:red_concrete_powder":8,"minecraft:glass":18,"minecraft:white_concrete_powder":8,"minecraft:bow":1,"minecraft:iron_axe":1,"minecraft:ladder":84,"minecraft:stone_pickaxe":4,"minecraft:chest":1,"minecraft:acacia_fence":111,"cgm:workbench":1,"minecraft:cooked_beef":7,"minecraft:red_dye":3,"minecraft:cooked_porkchop":1,"minecraft:crafting_table":6,"minecraft:acacia_slab":234,"minecraft:wooden_pickaxe":1,"minecraft:iron_helmet":1,"minecraft:acacia_trapdoor":2,"minecraft:stone_axe":3,"minecraft:air":0,"minecraft:acacia_sign":3,"minecraft:shield":1,"minecraft:white_dye":5,"minecraft:stick":296,"minecraft:iron_ingot":12,"minecraft:wooden_axe":1,"minecraft:stone_sword":1,"minecraft:acacia_door":3,"minecraft:light_gray_dye":2,"minecraft:white_bed":1,"minecraft:acacia_planks":896,"minecraft:torch":56},"minecraft:killed":{"minecraft:witch":1,"minecraft:spider":4,"minecraft:slime":1,"demogorgon:demogorgon":1,"minecraft:skeleton":5,"minecraft:pig":1,"minecraft:creeper":4,"minecraft:squid":2,"minecraft:sheep":9,"minecraft:pillager":2,"minecraft:zombie":9,"minecraft:cow":3},"minecraft:mined":{"minecraft:dark_oak_planks":2,"minecraft:white_bed":3,"demogorgon:blighted_planks":2,"minecraft:granite":3,"minecraft:acacia_log":235,"minecraft:grass_block":50,"minecraft:white_concrete":3,"minecraft:acacia_slab":21,"horror_element_mod:herobrine_head":3,"minecraft:red_concrete_powder":1,"minecraft:iron_ore":16,"minecraft:acacia_wood":1,"minecraft:andesite":5,"minecraft:dirt_path":1,"minecraft:light_gray_concrete":3,"demogorgon:blighted_log":2,"minecraft:stone":94,"minecraft:acacia_leaves":9,"minecraft:glass_pane":3,"horror_element_mod:beheaded_body":1,"minecraft:melon_stem":7,"minecraft:crafting_table":6,"minecraft:torch":24,"minecraft:poppy":3,"minecraft:melon":20,"minecraft:cobblestone":6,"minecraft:copper_ore":16,"minecraft:glass":1,"minecraft:tall_grass":3,"minecraft:red_concrete":6,"minecraft:diorite":8,"minecraft:wall_torch":4,"horror_element_mod:impaled_head":5,"minecraft:seagrass":1,"minecraft:acacia_fence_gate":2,"minecraft:brown_wall_banner":2,"minecraft:grass":48,"minecraft:coal_ore":11,"minecraft:oak_log":15,"minecraft:acacia_fence":15,"minecraft:gravel":22,"minecraft:sand":57,"minecraft:dirt":31,"minecraft:acacia_planks":46,"minecraft:oak_leaves":9},"minecraft:broken":{"minecraft:stone_axe":1,"minecraft:fishing_rod":1},"minecraft:used":{"minecraft:stone_sword":2,"minecraft:acacia_log":7,"minecraft:stone_shovel":50,"minecraft:ladder":90,"minecraft:white_concrete_powder":3,"minecraft:chest":1,"minecraft:shield":38,"minecraft:rotten_flesh":1,"minecraft:torch":70,"minecraft:dirt":85,"cgm:workbench":1,"minecraft:granite":6,"minecraft:glass":18,"minecraft:dark_oak_planks":1,"minecraft:wooden_axe":23,"minecraft:iron_axe":146,"minecraft:acacia_slab":332,"minecraft:iron_helmet":1,"minecraft:melon_seeds":4,"minecraft:bow":10,"minecraft:furnace":1,"minecraft:acacia_fence":126,"minecraft:cooked_beef":5,"minecraft:acacia_planks":472,"minecraft:cooked_mutton":5,"minecraft:water_bucket":51,"minecraft:diorite":9,"minecraft:acacia_trapdoor":2,"minecraft:stone_pickaxe":160,"minecraft:oak_planks":1,"horror_element_mod:impaled_head":5,"minecraft:wooden_pickaxe":31,"demogorgon:blighted_planks":4,"minecraft:white_wool":2,"minecraft:sand":3,"minecraft:crafting_table":10,"minecraft:brown_banner":2,"minecraft:light_gray_concrete_powder":4,"minecraft:white_bed":4,"minecraft:oak_log":4,"minecraft:acacia_sign":3,"minecraft:acacia_door":2,"minecraft:melon_slice":79,"minecraft:bread":6,"minecraft:gravel":14,"minecraft:acacia_fence_gate":4,"minecraft:stone_axe":322,"minecraft:fishing_rod":24,"minecraft:cobblestone":79,"minecraft:potion":1,"minecraft:red_concrete_powder":7,"minecraft:cooked_porkchop":5,"horror_element_mod:herobrine_head":2,"minecraft:andesite":6,"minecraft:bucket":51,"minecraft:bone_meal":2}},"DataVersion":3120}