{"stats":{"minecraft:custom":{"minecraft:interact_with_furnace":3,"minecraft:interact_with_crafting_table":1,"minecraft:fill_cauldron":12,"minecraft:play_one_minute":347781,"minecraft:leave_game":7,"minecraft:time_since_death":347781,"minecraft:climb_one_cm":8051,"minecraft:time_since_rest":347781,"minecraft:sprint_one_cm":207496,"minecraft:walk_one_cm":773250,"minecraft:drop":17,"minecraft:swim_one_cm":9726,"minecraft:fly_one_cm":2036008,"minecraft:open_chest":7,"minecraft:crouch_one_cm":424,"minecraft:sneak_time":3288,"minecraft:walk_under_water_one_cm":5099,"minecraft:jump":1051,"minecraft:walk_on_water_one_cm":6380,"minecraft:fall_one_cm":1210},"minecraft:picked_up":{"minecraft:wheat":1,"minecraft:allium":3,"minecraft:azure_bluet":4,"minecraft:acacia_leaves":2,"minecraft:stone_brick_stairs":1,"minecraft:smooth_stone_slab":1,"minecraft:white_carpet":5,"minecraft:gray_carpet":1,"minecraft:wheat_seeds":7,"minecraft:cobweb":1,"minecraft:poppy":2,"minecraft:oak_planks":1,"minecraft:stone":1,"minecraft:dandelion":3,"minecraft:stripped_spruce_log":1,"minecraft:vine":1,"minecraft:stone_pressure_plate":1,"minecraft:weeping_vines":2,"minecraft:painting":1,"minecraft:birch_sign":1,"minecraft:bone_meal":5,"minecraft:oak_leaves":5},"minecraft:used":{"minecraft:oak_fence":55,"minecraft:petrified_oak_slab":11,"minecraft:water_bucket":65,"minecraft:blue_terracotta":23,"minecraft:iron_bars":89,"minecraft:light_blue_glazed_terracotta":21,"minecraft:birch_planks":13,"minecraft:infested_stone":16,"minecraft:gray_carpet":8,"minecraft:spruce_slab":115,"minecraft:polished_andesite":472,"minecraft:oak_planks":593,"minecraft:black_carpet":7,"minecraft:andesite_slab":48,"minecraft:light_blue_terracotta":21,"minecraft:spruce_planks":31,"minecraft:chest":20,"minecraft:stone":533,"minecraft:composter":2,"minecraft:cauldron":13,"minecraft:quartz_stairs":12,"minecraft:grass":244,"minecraft:spruce_fence_gate":1,"minecraft:oak_door":1,"minecraft:oak_leaves":1639,"minecraft:orange_carpet":3,"minecraft:birch_pressure_plate":3,"minecraft:stripped_dark_oak_log":100,"minecraft:vine":781,"minecraft:white_carpet":79,"minecraft:crafting_table":4,"minecraft:hopper":1,"minecraft:brick_slab":2,"minecraft:light_blue_wool":6,"minecraft:jungle_planks":325,"minecraft:spruce_stairs":90,"minecraft:birch_sign":25,"minecraft:acacia_leaves":156,"minecraft:oak_wood":113,"minecraft:painting":14,"minecraft:spruce_fence":1,"minecraft:oak_fence_gate":1,"minecraft:azure_bluet":13,"minecraft:weeping_vines":15,"minecraft:dark_oak_door":3,"minecraft:stripped_spruce_log":301,"minecraft:obsidian":4,"minecraft:polished_diorite":592,"minecraft:fern":11,"minecraft:birch_door":2,"minecraft:redstone_torch":14,"minecraft:oak_log":25,"minecraft:stone_brick_slab":87,"minecraft:black_wool":213,"minecraft:light_gray_stained_glass":8,"minecraft:acacia_door":2,"minecraft:birch_slab":11,"minecraft:stripped_jungle_log":107,"minecraft:lime_carpet":3,"minecraft:quartz_slab":80,"minecraft:iron_block":73,"minecraft:grass_block":389,"minecraft:oak_stairs":30,"minecraft:spruce_button":6,"minecraft:oak_button":3,"minecraft:brick_stairs":218,"minecraft:cyan_carpet":10,"minecraft:stone_button":4,"minecraft:jungle_log":7,"minecraft:spruce_pressure_plate":4,"minecraft:jungle_stairs":10,"minecraft:stone_slab":337,"minecraft:spruce_trapdoor":5,"minecraft:smooth_quartz":25,"minecraft:oak_pressure_plate":3,"minecraft:crimson_roots":1,"minecraft:gravel":88,"minecraft:stone_brick_stairs":313,"minecraft:acacia_fence_gate":1,"minecraft:pink_bed":2,"minecraft:birch_button":2,"minecraft:coal_block":11,"minecraft:cobblestone":215,"minecraft:tall_grass":5,"minecraft:jungle_door":1,"minecraft:andesite":210,"minecraft:furnace":3,"minecraft:white_stained_glass_pane":12,"minecraft:podzol":35,"minecraft:gray_bed":3,"minecraft:white_stained_glass":2,"minecraft:crimson_door":1,"minecraft:glass_pane":238,"minecraft:smooth_stone_slab":209,"minecraft:wither_rose":1,"minecraft:stone_pressure_plate":7,"minecraft:smooth_stone":309,"minecraft:bone_meal":18,"minecraft:birch_stairs":33,"minecraft:cobweb":144},"minecraft:dropped":{"minecraft:water_bucket":1,"minecraft:stripped_spruce_log":1,"minecraft:vine":1,"minecraft:smooth_stone_slab":1,"minecraft:oak_planks":1,"minecraft:glass_pane":1,"minecraft:acacia_leaves":2,"minecraft:cobweb":1,"minecraft:stone":1,"minecraft:stone_brick_stairs":1,"minecraft:oak_leaves":5,"minecraft:gray_carpet":1},"minecraft:mined":{"minecraft:white_carpet":2}},"DataVersion":2567}