{"stats":{"minecraft:killed_by":{"minecraft:creeper":4,"minecraft:drowned":7,"mutantmonsters:mutant_skeleton":3,"minecraft:skeleton":1,"minecraft:zombie":5},"minecraft:dropped":{"minecraft:iron_sword":1,"minecraft:birch_planks":35,"minecraft:diorite":4,"minecraft:iron_leggings":1,"minecraft:stone_axe":1,"minecraft:stone_sword":1,"securitycraft:taser":1,"minecraft:iron_boots":1,"minecraft:cooked_mutton":1,"sanitydim:garland":2,"minecraft:ladder":1,"minecraft:spider_eye":2,"minecraft:stone_pickaxe":2},"minecraft:custom":{"minecraft:mob_kills":103,"minecraft:interact_with_crafting_table":50,"minecraft:open_barrel":5,"minecraft:leave_game":7,"minecraft:time_since_death":4276,"minecraft:climb_one_cm":72559,"minecraft:sprint_one_cm":437333,"minecraft:walk_one_cm":478459,"minecraft:damage_blocked_by_shield":340,"minecraft:drop":22,"minecraft:play_time":279594,"minecraft:deaths":25,"minecraft:sneak_time":5901,"minecraft:walk_under_water_one_cm":20546,"minecraft:boat_one_cm":15878,"minecraft:jump":2172,"minecraft:walk_on_water_one_cm":16089,"minecraft:total_world_time":279594,"minecraft:interact_with_furnace":18,"minecraft:sleep_in_bed":9,"minecraft:time_since_rest":4306,"minecraft:damage_taken":7437,"minecraft:trigger_trapped_chest":6,"minecraft:damage_dealt":7433,"minecraft:fly_one_cm":664150,"minecraft:swim_one_cm":65939,"minecraft:player_kills":1,"minecraft:open_chest":47,"minecraft:crouch_one_cm":9087,"minecraft:interact_with_smoker":1,"minecraft:fall_one_cm":36407},"minecraft:picked_up":{"minecraft:crafting_table":8,"minecraft:ladder":6,"minecraft:leather_leggings":1,"securitycraft:taser":5,"minecraft:wooden_pickaxe":1,"minecraft:shield":6,"minecraft:iron_axe":2,"minecraft:string":17,"minecraft:raw_copper":7,"minecraft:iron_leggings":1,"minecraft:birch_fence":4,"minecraft:gold_nugget":21,"minecraft:cobbled_deepslate":549,"demogorgon:blighted_planks":14,"minecraft:cobblestone_slab":1,"minecraft:ender_eye":5,"minecraft:iron_nugget":59,"minecraft:iron_pickaxe":6,"minecraft:birch_sapling":7,"minecraft:furnace":2,"minecraft:iron_boots":3,"minecraft:egg":1,"minecraft:stick":98,"minecraft:raw_iron":9,"minecraft:stone":56,"minecraft:copper_ingot":1,"minecraft:torch":248,"minecraft:diorite":34,"minecraft:redstone":40,"minecraft:rotten_flesh":91,"minecraft:stone_sword":6,"minecraft:arrow":5,"minecraft:stone_shovel":2,"minecraft:cracked_deepslate_bricks":1,"minecraft:gold_ingot":12,"minecraft:cobblestone":708,"minecraft:birch_log":226,"minecraft:water_bucket":2,"minecraft:andesite":31,"minecraft:smoker":1,"minecraft:birch_planks":68,"minecraft:flint":3,"minecraft:tuff":28,"minecraft:oak_log":127,"minecraft:yellow_bed":4,"minecraft:gunpowder":14,"minecraft:cobblestone_stairs":19,"minecraft:dirt":243,"minecraft:cooked_mutton":4,"demogorgon:blighted_log":4,"minecraft:bone":5,"minecraft:apple":6,"automobility:dash_panel":1,"minecraft:wheat_seeds":4,"minecraft:raw_gold":3,"minecraft:stone_pickaxe":20,"minecraft:iron_sword":12,"minecraft:oak_planks":281,"minecraft:gravel":20,"minecraft:sand":59,"minecraft:white_bed":12,"minecraft:spider_eye":4,"minecraft:diamond":38,"minecraft:stone_axe":5,"minecraft:granite":6,"minecraft:gray_wool":2,"minecraft:emerald":2,"minecraft:bread":49,"minecraft:oak_sapling":11,"minecraft:coal":125,"minecraft:ender_pearl":4,"minecraft:diamond_pickaxe":8},"minecraft:crafted":{"minecraft:oak_planks":232,"demogorgon:blighted_planks":16,"minecraft:furnace":1,"minecraft:cobblestone_stairs":220,"sanitydim:garland":8,"minecraft:bow":1,"minecraft:ladder":6,"minecraft:stone_pickaxe":14,"minecraft:chest":2,"minecraft:oak_fence":3,"minecraft:crafting_table":6,"minecraft:wooden_pickaxe":3,"securitycraft:taser":1,"minecraft:birch_planks":160,"minecraft:stone_axe":5,"minecraft:air":0,"minecraft:stick":108,"minecraft:iron_pickaxe":1,"minecraft:iron_ingot":5,"minecraft:stone_sword":3,"minecraft:gold_ingot":2,"minecraft:torch":56},"minecraft:killed":{"minecraft:spider":14,"demogorgon:demogorgon":1,"minecraft:skeleton":20,"minecraft:chicken":1,"minecraft:drowned":8,"minecraft:salmon":1,"minecraft:creeper":24,"minecraft:squid":2,"mutantmonsters:mutant_enderman":1,"minecraft:zombie":21,"rottencreatures:immortal":2,"minecraft:enderman":1},"minecraft:mined":{"minecraft:tuff":28,"minecraft:white_bed":8,"minecraft:cobblestone_stairs":17,"demogorgon:blighted_planks":4,"minecraft:granite":6,"minecraft:ladder":1,"minecraft:grass_block":10,"minecraft:furnace":2,"minecraft:iron_ore":9,"minecraft:cobbled_deepslate":13,"minecraft:andesite":20,"demogorgon:blighted_log":4,"minecraft:stone":465,"minecraft:deepslate_redstone_ore":2,"minecraft:smoker":1,"minecraft:crafting_table":8,"minecraft:torch":6,"minecraft:copper_ore":2,"minecraft:cobblestone":18,"minecraft:deepslate_gold_ore":2,"minecraft:oak_planks":1,"minecraft:diorite":35,"minecraft:wall_torch":6,"minecraft:birch_log":115,"minecraft:birch_leaves":7,"minecraft:yellow_bed":4,"minecraft:grass":6,"minecraft:oak_log":125,"minecraft:coal_ore":51,"minecraft:gravel":15,"minecraft:dirt":40,"minecraft:birch_fence":1,"minecraft:oak_leaves":18,"minecraft:deepslate":273},"minecraft:broken":{"minecraft:leather_leggings":1,"sanitydim:garland":1,"minecraft:wooden_pickaxe":1,"minecraft:stone_pickaxe":6,"minecraft:stone_axe":1},"minecraft:used":{"minecraft:oak_fence":3,"minecraft:stone_sword":38,"minecraft:cracked_deepslate_bricks":1,"minecraft:ladder":87,"minecraft:chest":2,"minecraft:shield":8,"minecraft:stone":778,"minecraft:iron_sword":88,"minecraft:rotten_flesh":12,"minecraft:torch":102,"minecraft:dirt":161,"minecraft:granite":1,"automobility:dash_panel":3,"minecraft:lantern":5,"minecraft:iron_axe":9,"minecraft:iron_boots":1,"minecraft:furnace":3,"minecraft:egg":1,"minecraft:cobbled_deepslate":99,"cgm:heavy_rifle":14,"minecraft:cooked_mutton":3,"minecraft:cobblestone_stairs":139,"minecraft:birch_planks":12,"minecraft:stone_pickaxe":866,"minecraft:oak_planks":77,"minecraft:ender_pearl":2,"minecraft:wooden_pickaxe":93,"demogorgon:blighted_planks":2,"minecraft:crafting_table":13,"cgm:bazooka":6,"minecraft:white_bed":10,"minecraft:smoker":1,"minecraft:birch_fence":145,"minecraft:oak_log":2,"rottencreatures:treasure_chest":1,"minecraft:diamond_pickaxe":1,"minecraft:bread":13,"minecraft:iron_pickaxe":38,"minecraft:gravel":8,"minecraft:stone_axe":249,"minecraft:cobblestone":29,"minecraft:andesite":7,"minecraft:yellow_bed":2,"cgm:mini_gun":709,"minecraft:gray_wool":1,"rottencreatures:immortal_spawn_egg":2}},"DataVersion":3120}