{"stats":{"minecraft:killed_by":{"minecraft:creeper":4,"minecraft:drowned":1,"minecraft:skeleton":5,"minecraft:zombie":4,"rottencreatures:undead_miner":1},"minecraft:dropped":{"minecraft:iron_ingot":18,"minecraft:bread":4,"minecraft:wheat_seeds":5,"minecraft:cooked_porkchop":4,"minecraft:iron_helmet":1,"minecraft:cobblestone":2,"minecraft:stick":27,"minecraft:flint":1,"minecraft:ink_sac":1,"minecraft:torch":10,"minecraft:white_concrete":3,"minecraft:melon_slice":25,"minecraft:iron_axe":1,"minecraft:bone":7,"minecraft:gravel":6,"minecraft:red_concrete":6,"minecraft:stone_axe":1,"minecraft:cooked_mutton":1,"demogorgon:blighted_flesh":1,"minecraft:shield":3,"minecraft:andesite":2,"minecraft:oak_sapling":1,"minecraft:arrow":7,"minecraft:bow":1,"minecraft:stone_pickaxe":1},"minecraft:custom":{"minecraft:mob_kills":80,"minecraft:interact_with_crafting_table":43,"minecraft:leave_game":4,"minecraft:time_since_death":59017,"minecraft:climb_one_cm":54522,"minecraft:sprint_one_cm":403611,"minecraft:walk_one_cm":417230,"minecraft:damage_blocked_by_shield":1240,"minecraft:drop":55,"minecraft:talked_to_villager":13,"minecraft:play_time":255621,"minecraft:deaths":16,"minecraft:sneak_time":14767,"minecraft:walk_under_water_one_cm":27222,"minecraft:jump":2185,"minecraft:walk_on_water_one_cm":16443,"minecraft:total_world_time":255621,"minecraft:interact_with_furnace":67,"minecraft:sleep_in_bed":24,"minecraft:time_since_rest":205,"minecraft:damage_taken":6677,"minecraft:damage_dealt":7472,"minecraft:swim_one_cm":41956,"minecraft:fly_one_cm":603380,"minecraft:open_chest":77,"minecraft:crouch_one_cm":37029,"minecraft:interact_with_smoker":1,"minecraft:fall_one_cm":81401},"minecraft:picked_up":{"minecraft:crafting_table":24,"cgm:basic_bullet":128,"minecraft:azure_bluet":16,"minecraft:chicken":3,"minecraft:ladder":20,"minecraft:wooden_pickaxe":5,"minecraft:shield":6,"minecraft:string":15,"minecraft:iron_axe":3,"minecraft:raw_copper":82,"cgm:shotgun":1,"minecraft:beef":2,"minecraft:melon_slice":25,"cgm:advanced_bullet":32,"minecraft:egg":9,"minecraft:furnace":9,"minecraft:raw_iron":41,"minecraft:stick":168,"minecraft:acacia_fence":1,"minecraft:torch":42,"minecraft:acacia_log":120,"minecraft:gray_dye":10,"minecraft:porkchop":26,"minecraft:diorite":2,"minecraft:orange_bed":9,"minecraft:stone_sword":4,"minecraft:arrow":22,"minecraft:rotten_flesh":78,"minecraft:mutton":12,"minecraft:birch_log":4,"minecraft:cobblestone":212,"minecraft:white_wool":26,"minecraft:nautilus_shell":1,"minecraft:stripped_oak_log":1,"minecraft:feather":16,"minecraft:cooked_beef":3,"minecraft:andesite":10,"minecraft:leather":2,"minecraft:flint":1,"minecraft:oak_log":126,"minecraft:gunpowder":33,"minecraft:dirt":342,"minecraft:bone":25,"minecraft:acacia_planks":81,"minecraft:bow":3,"minecraft:wheat_seeds":54,"minecraft:cooked_chicken":8,"minecraft:stone_pickaxe":19,"minecraft:iron_ingot":18,"minecraft:oak_planks":106,"minecraft:cooked_porkchop":38,"minecraft:gravel":6,"minecraft:ink_sac":1,"minecraft:spider_eye":1,"cgm:shell":144,"cgm:pistol":4,"demogorgon:blighted_flesh":2,"minecraft:slime_ball":4,"minecraft:stone_axe":4,"minecraft:iron_helmet":3,"minecraft:white_concrete":3,"minecraft:bread":39,"minecraft:melon_seeds":2,"minecraft:oak_sapling":9,"minecraft:black_wool":8,"minecraft:red_concrete":12,"minecraft:coal":557},"minecraft:crafted":{"minecraft:oak_planks":432,"minecraft:furnace":6,"minecraft:cooked_mutton":7,"minecraft:iron_axe":1,"minecraft:ladder":27,"minecraft:stone_pickaxe":4,"minecraft:chest":4,"minecraft:wheat":90,"minecraft:cooked_beef":1,"minecraft:cooked_porkchop":14,"minecraft:crafting_table":4,"minecraft:wooden_pickaxe":1,"minecraft:iron_helmet":2,"minecraft:copper_ingot":33,"minecraft:birch_planks":16,"minecraft:stone_axe":3,"minecraft:bread":30,"minecraft:air":0,"minecraft:iron_chestplate":1,"minecraft:gold_nugget":9,"minecraft:shield":5,"minecraft:stick":112,"minecraft:iron_ingot":114,"minecraft:iron_pickaxe":1,"minecraft:stone_sword":1,"minecraft:gold_ingot":4,"minecraft:acacia_planks":48,"minecraft:torch":48},"minecraft:mined":{"minecraft:ladder":1,"minecraft:acacia_log":24,"minecraft:grass_block":16,"minecraft:furnace":4,"minecraft:iron_ore":17,"minecraft:andesite":2,"minecraft:azure_bluet":1,"minecraft:stripped_oak_log":1,"minecraft:stone":129,"minecraft:white_wool":2,"minecraft:orange_bed":8,"minecraft:acacia_leaves":1,"minecraft:glass_pane":2,"minecraft:crafting_table":13,"minecraft:torch":3,"minecraft:cobblestone":3,"minecraft:copper_ore":2,"minecraft:oak_planks":57,"minecraft:diorite":1,"minecraft:wall_torch":2,"minecraft:birch_log":4,"minecraft:grass":27,"minecraft:coal_ore":85,"minecraft:oak_log":111,"minecraft:acacia_fence":1,"minecraft:gravel":2,"minecraft:dirt":17,"minecraft:oak_leaves":31},"minecraft:killed":{"minecraft:witch":1,"minecraft:spider":5,"demogorgon:demogorgon":2,"minecraft:skeleton":12,"minecraft:chicken":2,"minecraft:drowned":1,"minecraft:pig":7,"minecraft:creeper":23,"minecraft:sheep":4,"minecraft:pillager":1,"minecraft:zombie":20,"minecraft:glow_squid":1,"minecraft:cow":1},"minecraft:broken":{"minecraft:stone_pickaxe":1,"minecraft:stone_axe":1},"minecraft:used":{"minecraft:oak_fence":87,"minecraft:stone_sword":114,"minecraft:ladder":40,"minecraft:chest":4,"minecraft:shield":25,"minecraft:farmland":81,"minecraft:iron_chestplate":1,"minecraft:orange_bed":9,"minecraft:torch":144,"minecraft:dirt":120,"minecraft:oak_fence_gate":7,"cgm:shotgun":6,"minecraft:iron_axe":13,"minecraft:iron_helmet":2,"minecraft:furnace":8,"minecraft:acacia_fence":1,"minecraft:cooked_beef":1,"minecraft:acacia_planks":5,"minecraft:wheat_seeds":46,"minecraft:cooked_mutton":6,"minecraft:water_bucket":40,"minecraft:diorite":2,"minecraft:birch_planks":16,"cgm:pistol":32,"minecraft:stone_pickaxe":223,"minecraft:oak_planks":1415,"minecraft:wooden_pickaxe":46,"minecraft:white_wool":2,"minecraft:oak_slab":20,"minecraft:crafting_table":20,"minecraft:oak_log":3,"minecraft:bread":20,"minecraft:stone_axe":246,"minecraft:potion":1,"minecraft:cobblestone":34,"minecraft:cooked_porkchop":6,"minecraft:glass_pane":89,"cgm:mini_gun":256}},"DataVersion":3120}