{"stats":{"minecraft:killed":{"minecraft:husk":126,"minecraft:zombie":4,"minecraft:pig":3},"minecraft:picked_up":{"minecraft:compass":1,"minecraft:clock":1,"minecraft:rotten_flesh":5,"minecraft:diamond_sword":1,"minecraft:crossbow":1,"minecraft:golden_apple":1,"minecraft:iron_pickaxe":1,"minecraft:shield":1},"minecraft:used":{"cgm:grenade_launcher":45,"mutantmonsters:mutant_creeper_spawn_egg":1,"mutantmonsters:spider_pig_spawn_egg":1,"mutantmonsters:mutant_zombie_spawn_egg":1,"cgm:machine_pistol":122,"minecraft:written_book":1,"cgm:shotgun":6,"cgm:pistol":9,"mutantmonsters:mutant_enderman_spawn_egg":1,"mutantmonsters:creeper_minion_spawn_egg":1,"cgm:rifle":6,"cgm:mini_gun":133,"mutantmonsters:mutant_skeleton_spawn_egg":3,"cgm:heavy_rifle":2,"cgm:assault_rifle":71,"mutantmonsters:mutant_snow_golem_spawn_egg":44},"minecraft:custom":{"minecraft:open_barrel":1,"minecraft:time_since_rest":418,"minecraft:open_chest":3,"minecraft:crouch_one_cm":357,"minecraft:play_time":12604,"minecraft:sprint_one_cm":24528,"minecraft:deaths":1,"minecraft:damage_taken":20,"minecraft:walk_one_cm":21140,"minecraft:sneak_time":147,"minecraft:trigger_trapped_chest":2,"minecraft:mob_kills":136,"minecraft:damage_dealt_resisted":57745,"minecraft:jump":112,"minecraft:leave_game":6,"minecraft:time_since_death":405,"minecraft:climb_one_cm":701,"minecraft:total_world_time":19564,"minecraft:fall_one_cm":4155,"minecraft:fly_one_cm":253622,"minecraft:inspect_dispenser":2}},"DataVersion":3120}