{"stats":{"minecraft:dropped":{"minecraft:water_bucket":1,"minecraft:wheat_seeds":3,"minecraft:chain":1,"minecraft:iron_pickaxe":1,"minecraft:white_wool":4,"minecraft:acacia_planks":26,"minecraft:skeleton_skull":3,"minecraft:iron_bars":2},"minecraft:custom":{"minecraft:mob_kills":8,"minecraft:interact_with_crafting_table":53,"minecraft:open_barrel":2,"minecraft:leave_game":6,"minecraft:time_since_death":114006,"minecraft:climb_one_cm":26728,"minecraft:sprint_one_cm":211187,"minecraft:walk_one_cm":214691,"minecraft:drop":10,"minecraft:play_time":114006,"minecraft:sneak_time":14843,"minecraft:walk_under_water_one_cm":5955,"minecraft:jump":1726,"minecraft:walk_on_water_one_cm":13350,"minecraft:total_world_time":114006,"minecraft:interact_with_furnace":31,"minecraft:sleep_in_bed":11,"minecraft:time_since_rest":19430,"minecraft:damage_taken":903,"minecraft:trigger_trapped_chest":1,"minecraft:damage_dealt":1660,"minecraft:swim_one_cm":9965,"minecraft:fly_one_cm":350927,"minecraft:open_chest":53,"minecraft:crouch_one_cm":47854,"minecraft:interact_with_smoker":8,"minecraft:fall_one_cm":44355},"minecraft:picked_up":{"minecraft:crafting_table":8,"minecraft:wheat":1,"minecraft:azure_bluet":6,"minecraft:ladder":11,"minecraft:chain":1,"minecraft:oak_trapdoor":2,"minecraft:string":2,"minecraft:moss_carpet":1,"minecraft:raw_copper":5,"minecraft:cobbled_deepslate":4,"demogorgon:blighted_planks":5,"minecraft:cobblestone_slab":6,"minecraft:poppy":1,"minecraft:iron_pickaxe":1,"minecraft:light_gray_wool":1,"minecraft:sugar_cane":46,"minecraft:chest":2,"minecraft:furnace":2,"minecraft:stick":3,"minecraft:raw_iron":34,"minecraft:oak_fence":9,"minecraft:torch":18,"minecraft:acacia_log":7,"minecraft:diorite":12,"minecraft:orange_bed":7,"demogorgon:blighted_log_hyphae":3,"minecraft:hay_block":58,"minecraft:cracked_deepslate_bricks":1,"minecraft:mutton":7,"minecraft:iron_bars":2,"minecraft:skeleton_skull":1,"minecraft:white_wool":8,"minecraft:cobblestone":448,"minecraft:oxeye_daisy":7,"minecraft:cracked_deepslate_tiles":4,"minecraft:andesite":35,"minecraft:smoker":3,"minecraft:oak_log":111,"minecraft:dirt":131,"minecraft:wheat_seeds":10,"minecraft:iron_ingot":8,"minecraft:grindstone":1,"minecraft:book":12,"minecraft:dark_oak_log":3,"demogorgon:blighted_fence":2,"minecraft:stone_axe":1,"minecraft:granite":1,"minecraft:oak_sapling":3,"minecraft:coal":73},"minecraft:crafted":{"minecraft:oak_planks":200,"minecraft:cobblestone_slab":156,"minecraft:stone_shovel":1,"minecraft:cooked_chicken":5,"minecraft:furnace":2,"minecraft:cobblestone_stairs":8,"sanitydim:garland":1,"minecraft:cooked_mutton":5,"minecraft:oak_trapdoor":2,"minecraft:iron_boots":1,"minecraft:iron_axe":1,"minecraft:ladder":36,"minecraft:stone_pickaxe":1,"minecraft:chest":6,"minecraft:dark_oak_planks":12,"minecraft:oak_fence":33,"minecraft:wheat":162,"minecraft:crafting_table":6,"minecraft:wooden_pickaxe":1,"minecraft:bucket":2,"minecraft:stone_axe":1,"minecraft:bread":54,"minecraft:air":0,"minecraft:oak_fence_gate":1,"minecraft:iron_chestplate":1,"minecraft:charcoal":1,"minecraft:shield":1,"minecraft:stick":132,"minecraft:iron_ingot":23,"minecraft:iron_pickaxe":2,"minecraft:wooden_axe":1,"minecraft:iron_shovel":1,"minecraft:iron_leggings":1,"minecraft:acacia_planks":28,"minecraft:torch":36},"minecraft:killed":{"minecraft:spider":1,"minecraft:iron_golem":1,"minecraft:sheep":6},"minecraft:mined":{"minecraft:dark_oak_planks":1,"demogorgon:blighted_fence":2,"minecraft:sculk_vein":1,"minecraft:dark_oak_log":4,"demogorgon:blighted_log_hyphae":4,"demogorgon:blighted_planks":5,"minecraft:granite":1,"minecraft:ladder":11,"minecraft:acacia_log":7,"minecraft:grass_block":92,"minecraft:oxeye_daisy":7,"minecraft:spawner":1,"minecraft:hay_block":60,"minecraft:oak_trapdoor":2,"minecraft:furnace":2,"minecraft:iron_ore":27,"minecraft:cobbled_deepslate":4,"minecraft:andesite":35,"minecraft:moss_carpet":1,"minecraft:azure_bluet":7,"minecraft:bookshelf":4,"minecraft:cobblestone_slab":6,"minecraft:iron_bars":2,"minecraft:stone":428,"minecraft:orange_bed":7,"minecraft:smoker":3,"minecraft:oak_fence":11,"minecraft:crafting_table":9,"minecraft:torch":12,"minecraft:chest":2,"minecraft:tall_grass":1,"minecraft:copper_ore":1,"minecraft:cobblestone":32,"minecraft:grindstone":1,"minecraft:sugar_cane":28,"minecraft:cracked_deepslate_bricks":1,"minecraft:diorite":12,"minecraft:wall_torch":5,"minecraft:chain":1,"minecraft:birch_leaves":1,"minecraft:grass":55,"minecraft:cracked_deepslate_tiles":4,"minecraft:coal_ore":45,"minecraft:oak_log":82,"minecraft:dirt":28,"minecraft:cobweb":1,"minecraft:oak_leaves":15,"minecraft:fern":1},"minecraft:broken":{"minecraft:iron_pickaxe":1},"minecraft:used":{"minecraft:oak_trapdoor":3,"minecraft:oak_fence":42,"minecraft:iron_shovel":108,"minecraft:stone_shovel":23,"minecraft:ladder":42,"minecraft:chest":8,"minecraft:iron_sword":14,"minecraft:orange_bed":7,"minecraft:torch":31,"minecraft:dirt":41,"minecraft:oak_fence_gate":1,"minecraft:wooden_axe":19,"minecraft:iron_axe":76,"minecraft:furnace":4,"minecraft:water_bucket":1,"minecraft:cobblestone_stairs":5,"minecraft:stone_pickaxe":120,"minecraft:oak_planks":2,"minecraft:wooden_pickaxe":6,"minecraft:cobblestone_slab":128,"minecraft:crafting_table":13,"minecraft:smoker":3,"minecraft:oak_log":14,"minecraft:bread":27,"minecraft:iron_pickaxe":492,"minecraft:stone_axe":94,"minecraft:cobblestone":191,"minecraft:andesite":20,"minecraft:bucket":3}},"DataVersion":3120}