{"stats":{"minecraft:picked_up":{"minecraft:birch_log":2},"minecraft:custom":{"minecraft:jump":8,"minecraft:time_since_rest":2067,"minecraft:damage_dealt":10,"minecraft:crouch_one_cm":584,"minecraft:sprint_one_cm":2656,"minecraft:play_time":2067,"minecraft:damage_taken":10,"minecraft:time_since_death":2067,"minecraft:walk_one_cm":6733,"minecraft:sneak_time":181,"minecraft:total_world_time":2067,"minecraft:fall_one_cm":209,"minecraft:fly_one_cm":2114},"minecraft:mined":{"minecraft:birch_log":2}},"DataVersion":3120}