{"stats":{"minecraft:killed_by":{"minecraft:creeper":5,"minecraft:drowned":8,"sanitydim:rotting_stalker":1,"minecraft:zombie":6,"minecraft:pig":1,"minecraft:player":1,"minecraft:spider":1,"mutantmonsters:mutant_enderman":1,"mutantmonsters:mutant_skeleton":6},"minecraft:dropped":{"minecraft:iron_sword":3,"minecraft:birch_planks":236,"minecraft:diamond_axe":3,"minecraft:oak_pressure_plate":1,"minecraft:crafting_table":1,"minecraft:cooked_porkchop":1,"minecraft:black_bed":1,"minecraft:leather":8,"minecraft:birch_slab":14,"minecraft:dirt":10,"minecraft:birch_fence":6,"minecraft:dark_oak_log":1,"automobility:dash_panel":1,"minecraft:birch_log":32,"minecraft:gold_ingot":1,"minecraft:bone":6,"minecraft:stone_axe":3,"minecraft:cooked_chicken":4,"minecraft:cobbled_deepslate":2,"minecraft:rotten_flesh":26,"securitycraft:taser":1,"minecraft:oak_planks":1,"minecraft:cooked_mutton":4,"minecraft:gunpowder":2,"demogorgon:blighted_log_hyphae":2,"minecraft:birch_door":4,"minecraft:ladder":131,"minecraft:iron_ingot":1,"minecraft:bread":47,"minecraft:cobblestone":823,"minecraft:granite":41,"minecraft:stick":37,"minecraft:gray_wool":1,"minecraft:diorite":124,"minecraft:torch":7,"minecraft:iron_leggings":3,"minecraft:iron_axe":2,"minecraft:iron_shovel":2,"minecraft:bucket":1,"minecraft:redstone":31,"minecraft:raw_copper":5,"minecraft:stone_shovel":1,"minecraft:iron_boots":4,"minecraft:shield":1,"minecraft:peony":1,"minecraft:diamond_pickaxe":6,"minecraft:iron_chestplate":1,"minecraft:andesite":46,"minecraft:spider_eye":2,"minecraft:birch_boat":1,"minecraft:stone_pickaxe":4,"minecraft:wooden_pickaxe":2,"minecraft:cracked_deepslate_bricks":2,"minecraft:nautilus_shell":2},"minecraft:custom":{"minecraft:interact_with_crafting_table":98,"minecraft:open_barrel":2,"minecraft:leave_game":5,"minecraft:time_since_death":2157,"minecraft:sprint_one_cm":851037,"minecraft:damage_blocked_by_shield":1645,"minecraft:drop":121,"minecraft:play_time":408775,"minecraft:deaths":32,"minecraft:jump":10761,"minecraft:walk_on_water_one_cm":44054,"minecraft:interact_with_furnace":57,"minecraft:sleep_in_bed":21,"minecraft:damage_dealt":12983,"minecraft:player_kills":3,"minecraft:crouch_one_cm":252374,"minecraft:interact_with_smoker":3,"minecraft:mob_kills":84,"minecraft:climb_one_cm":34257,"minecraft:walk_one_cm":1108550,"minecraft:sneak_time":68594,"minecraft:walk_under_water_one_cm":28742,"minecraft:boat_one_cm":20356,"minecraft:total_world_time":408775,"minecraft:time_since_rest":1738,"minecraft:damage_taken":12185,"minecraft:trigger_trapped_chest":25,"minecraft:swim_one_cm":19447,"minecraft:fly_one_cm":627007,"minecraft:open_chest":139,"minecraft:fall_one_cm":97307},"minecraft:picked_up":{"minecraft:wooden_axe":1,"minecraft:iron_chestplate":7,"minecraft:birch_door":8,"securitycraft:taser":4,"minecraft:oak_stairs":6,"minecraft:polished_deepslate":15,"minecraft:string":6,"minecraft:raw_copper":84,"minecraft:iron_leggings":8,"minecraft:cobbled_deepslate":2222,"minecraft:bucket":3,"minecraft:cobblestone_slab":16,"minecraft:iron_pickaxe":2,"minecraft:iron_boots":12,"minecraft:furnace":26,"minecraft:stick":81,"horror_element_mod:slashed_skull":1,"minecraft:birch_trapdoor":2,"minecraft:torch":245,"minecraft:porkchop":36,"minecraft:diorite":130,"minecraft:rotten_flesh":169,"demogorgon:blighted_log_hyphae":2,"minecraft:mangrove_roots":3,"minecraft:cobblestone":6190,"minecraft:nautilus_shell":4,"minecraft:birch_log":588,"minecraft:feather":37,"minecraft:cooked_beef":1,"minecraft:water_bucket":4,"minecraft:birch_slab":20,"minecraft:andesite":1141,"minecraft:black_bed":12,"minecraft:smoker":2,"minecraft:flint":2,"minecraft:tuff":35,"horror_element_mod:villager_head":4,"minecraft:dirt":567,"minecraft:lapis_lazuli":374,"minecraft:bone":19,"minecraft:wheat_seeds":5,"minecraft:raw_gold":19,"minecraft:oak_planks":207,"minecraft:cooked_porkchop":5,"minecraft:oak_pressure_plate":1,"minecraft:sand":523,"minecraft:barrel":1,"minecraft:trapped_chest":16,"minecraft:dark_oak_log":5,"minecraft:diamond":211,"minecraft:deepslate":827,"minecraft:soul_lantern":2,"minecraft:granite":59,"minecraft:bread":214,"minecraft:oak_sapling":5,"minecraft:diamond_pickaxe":13,"minecraft:charcoal":11,"minecraft:crafting_table":27,"minecraft:chicken":16,"minecraft:ladder":97,"minecraft:wooden_pickaxe":4,"minecraft:chain":2,"minecraft:shield":12,"minecraft:iron_axe":7,"minecraft:iron_shovel":2,"minecraft:birch_fence":6,"minecraft:beef":39,"minecraft:poppy":6,"minecraft:sugar_cane":291,"minecraft:chest":7,"minecraft:birch_sapling":24,"minecraft:egg":12,"minecraft:raw_iron":80,"minecraft:oak_door":1,"minecraft:carrot":1,"minecraft:redstone":100,"minecraft:arrow":9,"minecraft:stone_shovel":6,"minecraft:peony":12,"minecraft:hay_block":40,"minecraft:cracked_deepslate_bricks":6,"minecraft:gold_ingot":16,"minecraft:mutton":24,"minecraft:white_wool":13,"minecraft:leather":42,"minecraft:birch_planks":428,"minecraft:oak_log":418,"minecraft:chainmail_chestplate":4,"minecraft:yellow_bed":5,"minecraft:gunpowder":11,"sanitydim:garland":4,"minecraft:cooked_mutton":10,"demogorgon:blighted_log":10,"minecraft:iron_ingot":71,"minecraft:stone_pickaxe":13,"minecraft:cooked_chicken":14,"minecraft:cobweb":5,"minecraft:iron_sword":14,"minecraft:black_candle":2,"minecraft:birch_boat":14,"minecraft:dandelion":1,"minecraft:gravel":49,"minecraft:white_bed":16,"minecraft:spider_eye":3,"minecraft:stone_axe":5,"minecraft:iron_helmet":7,"minecraft:diamond_axe":4,"minecraft:painting":19,"minecraft:gray_wool":2,"minecraft:black_wool":5,"minecraft:coal":566},"minecraft:crafted":{"minecraft:oak_planks":312,"minecraft:cobblestone_slab":6,"minecraft:birch_boat":5,"minecraft:cooked_chicken":9,"minecraft:birch_slab":120,"minecraft:cooked_mutton":4,"minecraft:iron_boots":2,"minecraft:chest":12,"minecraft:cooked_porkchop":4,"minecraft:diamond_axe":1,"minecraft:crafting_table":9,"minecraft:wooden_pickaxe":2,"minecraft:iron_helmet":1,"minecraft:birch_pressure_plate":1,"minecraft:birch_planks":296,"minecraft:painting":1,"minecraft:iron_chestplate":2,"minecraft:diamond_pickaxe":7,"minecraft:shield":3,"minecraft:stick":300,"minecraft:iron_pickaxe":1,"minecraft:iron_ingot":75,"minecraft:cobbled_deepslate_slab":6,"minecraft:stone_shovel":3,"minecraft:furnace":8,"minecraft:polished_deepslate":244,"minecraft:iron_axe":2,"minecraft:ladder":90,"minecraft:stone_pickaxe":5,"minecraft:wheat":180,"minecraft:cooked_beef":6,"minecraft:iron_sword":1,"minecraft:bucket":3,"minecraft:stone_axe":3,"minecraft:bread":60,"minecraft:air":0,"minecraft:oak_boat":1,"minecraft:wooden_axe":2,"minecraft:birch_trapdoor":2,"minecraft:iron_shovel":2,"minecraft:iron_leggings":2,"minecraft:white_bed":2,"minecraft:torch":16},"minecraft:killed":{"minecraft:spider":1,"minecraft:skeleton":3,"minecraft:chicken":10,"minecraft:pig":6,"minecraft:zombie_villager":1,"minecraft:creeper":8,"minecraft:sheep":8,"minecraft:zombie":25,"minecraft:cow":2,"minecraft:drowned":9,"minecraft:bat":1},"minecraft:mined":{"minecraft:white_bed":9,"minecraft:grass_block":52,"horror_element_mod:villager_head":3,"minecraft:cobbled_deepslate":106,"minecraft:iron_ore":65,"minecraft:barrel":1,"minecraft:deepslate_lapis_ore":9,"minecraft:oak_stairs":6,"minecraft:deepslate_redstone_ore":23,"minecraft:smoker":2,"minecraft:soul_lantern":1,"minecraft:torch":26,"minecraft:poppy":7,"minecraft:chest":7,"minecraft:cobblestone":214,"minecraft:grindstone":1,"minecraft:sugar_cane":27,"minecraft:oak_planks":9,"minecraft:wall_torch":59,"minecraft:chain":1,"minecraft:birch_log":372,"horror_element_mod:spiked_villager":2,"minecraft:birch_trapdoor":2,"minecraft:birch_door":1,"minecraft:black_bed":8,"minecraft:grass":5,"minecraft:oak_log":138,"minecraft:dirt":193,"minecraft:sand":276,"minecraft:oak_leaves":2,"minecraft:deepslate":1081,"minecraft:tuff":35,"minecraft:mossy_cobblestone":2,"minecraft:deepslate_diamond_ore":47,"minecraft:dark_oak_log":2,"minecraft:mangrove_roots":3,"minecraft:ladder":5,"minecraft:birch_slab":4,"minecraft:hay_block":20,"minecraft:furnace":17,"minecraft:andesite":347,"minecraft:peony":7,"minecraft:polished_deepslate":9,"minecraft:cobblestone_slab":2,"minecraft:deepslate_iron_ore":12,"minecraft:vine":2,"minecraft:stripped_oak_log":1,"demogorgon:blighted_log":4,"minecraft:stone":1961,"minecraft:glass_pane":1,"minecraft:dandelion":2,"minecraft:crafting_table":23,"minecraft:copper_ore":7,"minecraft:tall_grass":1,"minecraft:lapis_ore":8,"minecraft:deepslate_gold_ore":16,"minecraft:cracked_deepslate_bricks":1,"minecraft:diorite":4,"minecraft:birch_planks":21,"minecraft:trapped_chest":2,"minecraft:birch_leaves":12,"minecraft:yellow_bed":5,"minecraft:coal_ore":139,"minecraft:gravel":39,"minecraft:cobweb":3},"minecraft:broken":{"minecraft:iron_shovel":1,"sanitydim:garland":1,"minecraft:stone_pickaxe":1,"minecraft:diamond_pickaxe":1,"minecraft:iron_sword":1,"minecraft:iron_pickaxe":2},"minecraft:used":{"minecraft:iron_shovel":250,"minecraft:polished_deepslate":249,"minecraft:ladder":56,"minecraft:chest":19,"minecraft:shield":38,"minecraft:iron_sword":309,"minecraft:iron_chestplate":1,"automobility:dash_panel":2,"horror_element_mod:villager_head":2,"minecraft:birch_trapdoor":3,"minecraft:mangrove_roots":2,"minecraft:oak_sapling":2,"minecraft:furnace":18,"minecraft:egg":3,"demogorgon:blighted_log":2,"minecraft:diorite":6,"minecraft:stone_pickaxe":230,"minecraft:oak_planks":93,"minecraft:wooden_pickaxe":36,"minecraft:diamond_axe":395,"minecraft:sugar_cane":10,"minecraft:sand":15,"minecraft:black_bed":8,"minecraft:birch_slab":104,"minecraft:bread":38,"minecraft:deepslate":512,"minecraft:birch_log":13,"minecraft:andesite":13,"minecraft:oak_boat":1,"minecraft:stone_shovel":185,"minecraft:cooked_chicken":8,"minecraft:torch":162,"minecraft:dirt":162,"minecraft:wooden_axe":43,"minecraft:iron_axe":78,"minecraft:iron_boots":1,"minecraft:barrel":1,"minecraft:trapped_chest":4,"minecraft:cooked_beef":7,"minecraft:cobbled_deepslate":412,"minecraft:iron_leggings":1,"minecraft:cooked_mutton":4,"minecraft:water_bucket":3,"minecraft:birch_planks":116,"horror_element_mod:slashed_skull":1,"minecraft:birch_boat":12,"minecraft:cobblestone_slab":2,"minecraft:crafting_table":28,"minecraft:white_bed":9,"minecraft:painting":20,"minecraft:smoker":2,"minecraft:oak_log":55,"minecraft:diamond_pickaxe":3398,"minecraft:iron_pickaxe":502,"minecraft:stone_axe":123,"minecraft:cobblestone":427,"minecraft:cobbled_deepslate_slab":6,"minecraft:cooked_porkchop":3,"minecraft:bucket":4,"minecraft:yellow_bed":4}},"DataVersion":3120}