{"stats":{"minecraft:killed":{"minecraft:spider":1,"minecraft:horse":4,"minecraft:skeleton":6,"minecraft:drowned":2,"minecraft:pig":10,"minecraft:sheep":23,"minecraft:zombie":11},"minecraft:crafted":{"minecraft:oak_planks":8,"biomesoplenty:cherry_planks":116,"minecraft:cobblestone_slab":12,"mores:tin_pickaxe":1,"minecraft:iron_nugget":36,"minecraft:furnace":4,"minecraft:cobblestone_stairs":12,"minecraft:bone_meal":15,"mores:cobalt_shield":2,"mores:tin_shield":1,"minecraft:cooked_mutton":9,"mores:stone_battleaxe":1,"minecraft:flint_and_steel":1,"minecraft:glass_pane":16,"biomesoplenty:redwood_trapdoor":12,"minecraft:glass":39,"minecraft:lantern":4,"biomesoplenty:cherry_door":3,"mores:tin_ingot":17,"minecraft:stone_pickaxe":1,"minecraft:chest":6,"biomesoplenty:redwood_stairs":8,"mores:tin_shovel":1,"mores:silver_ingot":9,"minecraft:glass_bottle":3,"mores:cobalt_sword":1,"mores:moissanite_sword":1,"minecraft:cooked_porkchop":11,"mores:tin_chestplate":1,"minecraft:crafting_table":4,"minecraft:spruce_planks":16,"mores:cobalt_ingot":4,"biomesoplenty:redwood_planks":612,"minecraft:wooden_pickaxe":1,"biomesoplenty:cherry_boat":1,"minecraft:bucket":1,"mores:silver_axe":3,"minecraft:air":0,"mores:stone_mace":3,"minecraft:oak_boat":1,"minecraft:diamond_pickaxe":1,"minecraft:charcoal":3,"toughasnails:water_purifier":1,"minecraft:stick":32,"minecraft:iron_ingot":13,"minecraft:iron_pickaxe":2,"mores:tin_mace":1,"minecraft:iron_shovel":2,"minecraft:white_bed":3,"minecraft:torch":16},"minecraft:dropped":{"minecraft:water_bucket":1,"minecraft:porkchop":1,"minecraft:wheat_seeds":10,"minecraft:lilac":7,"minecraft:glass_bottle":3,"minecraft:cooked_porkchop":3,"minecraft:cobblestone":1,"biomesoplenty:cherry_boat":1,"mores:bronze_apple":2,"minecraft:stick":53,"minecraft:coal":4,"minecraft:dirt":96,"minecraft:torch":1,"mores:steel_ingot":2,"mores:cobalt_shield":1,"weeping_angels:kontron_ingot":3,"minecraft:bone_meal":1,"gravestone:obituary":25,"minecraft:iron_pickaxe":3,"minecraft:iron_shovel":3,"minecraft:string":2,"minecraft:white_wool":18,"mores:stone_battleaxe":1,"minecraft:gravel":4,"biomesoplenty:redwood_sapling":18,"mores:raw_tin":26,"mores:silver_apple":1,"biomesoplenty:cherry_log":54,"mores:stone_mace":6,"minecraft:rotten_flesh":1,"minecraft:oak_planks":4,"biomesoplenty:redwood_planks":26,"minecraft:white_bed":1,"minecraft:flint_and_steel":1,"mores:tin_pickaxe":1,"minecraft:filled_map":3,"biomesoplenty:pink_cherry_sapling":4,"minecraft:mossy_stone_bricks":3,"toughasnails:purified_water_bottle":7,"minecraft:spider_eye":1,"mores:silver_axe":1,"minecraft:glass":18,"minecraft:stone_pickaxe":4,"mores:tin_shield":1},"minecraft:used":{"biomesoplenty:cherry_log":9,"mores:stone_battleaxe":8,"mores:cobalt_shield":28,"minecraft:iron_shovel":274,"minecraft:flint_and_steel":63,"toughasnails:water_purifier":2,"biomesoplenty:redwood_planks":543,"minecraft:chest":6,"minecraft:spruce_planks":16,"minecraft:netherrack":23,"minecraft:torch":36,"minecraft:dirt":85,"minecraft:obsidian":12,"biomesoplenty:redwood_log":183,"minecraft:glass":27,"biomesoplenty:cherry_planks":59,"minecraft:lantern":4,"biomesoplenty:white_cherry_sapling":1,"minecraft:golden_carrot":2,"minecraft:furnace":11,"minecraft:cooked_cod":1,"mores:bronze_apple":1,"biomesoplenty:redwood_trapdoor":17,"minecraft:egg":4,"mores:silver_axe":497,"minecraft:cooked_mutton":1,"minecraft:water_bucket":8,"minecraft:diorite":2,"minecraft:cobblestone_stairs":18,"minecraft:stone_pickaxe":88,"minecraft:glass_bottle":11,"biomesoplenty:redwood_sapling":8,"minecraft:wooden_pickaxe":9,"minecraft:sandstone":2,"minecraft:cobblestone_slab":13,"biomesoplenty:cherry_door":2,"minecraft:golden_apple":1,"mores:cobalt_sword":55,"mores:stone_mace":22,"minecraft:sand":3,"mores:moissanite_sword":23,"minecraft:crafting_table":7,"minecraft:white_bed":13,"minecraft:diamond_pickaxe":170,"mores:tin_shovel":103,"biomesoplenty:cherry_boat":2,"minecraft:iron_pickaxe":108,"minecraft:polished_granite":1,"mores:duck_egg":1,"minecraft:gravel":18,"minecraft:potion":3,"minecraft:cobblestone":129,"toughasnails:purified_water_bottle":6,"minecraft:porkchop":4,"minecraft:cooked_porkchop":9,"minecraft:bucket":9,"minecraft:andesite":1,"minecraft:glass_pane":12,"minecraft:oak_boat":1,"biomesoplenty:redwood_stairs":8,"minecraft:bone_meal":7},"minecraft:custom":{"minecraft:mob_kills":60,"minecraft:interact_with_crafting_table":93,"minecraft:leave_game":5,"minecraft:time_since_death":5913,"minecraft:climb_one_cm":14552,"minecraft:sprint_one_cm":551828,"minecraft:walk_one_cm":569696,"minecraft:damage_blocked_by_shield":2329,"minecraft:drop":197,"minecraft:play_time":241510,"minecraft:sneak_time":10749,"minecraft:deaths":36,"minecraft:walk_under_water_one_cm":21133,"minecraft:boat_one_cm":115713,"minecraft:jump":5576,"minecraft:walk_on_water_one_cm":33942,"minecraft:total_world_time":241510,"minecraft:interact_with_furnace":91,"minecraft:sleep_in_bed":20,"minecraft:time_since_rest":5941,"minecraft:damage_taken":8383,"minecraft:damage_absorbed":40,"minecraft:damage_dealt":8932,"minecraft:player_kills":4,"minecraft:swim_one_cm":54401,"minecraft:fly_one_cm":1185392,"minecraft:open_chest":92,"minecraft:crouch_one_cm":34194,"minecraft:fall_one_cm":159754},"minecraft:mined":{"minecraft:spruce_planks":2,"minecraft:white_bed":13,"biomesoplenty:cherry_log":40,"minecraft:pink_bed":1,"minecraft:cobblestone_stairs":6,"minecraft:brewing_stand":1,"biomesoplenty:stripped_redwood_log":1,"minecraft:obsidian":6,"gravestone:gravestone":28,"minecraft:grass_block":255,"minecraft:spruce_leaves":1,"biomesoplenty:redwood_trapdoor":5,"minecraft:sandstone":2,"minecraft:redstone_ore":2,"mores:deepslate_tourmaline_ore":2,"minecraft:furnace":4,"minecraft:iron_ore":13,"minecraft:fire":27,"minecraft:andesite":2,"biomesoplenty:cherry_door":1,"biomesoplenty:redwood_log":343,"minecraft:cobblestone_slab":1,"minecraft:dirt_path":1,"minecraft:stone":203,"minecraft:podzol":2,"minecraft:light_gray_carpet":2,"biomesoplenty:redwood_planks":59,"mores:cobalt_ore":10,"toughasnails:water_purifier":1,"minecraft:polished_granite":1,"minecraft:crafting_table":3,"minecraft:torch":16,"biomesoplenty:cherry_planks":8,"minecraft:chest":1,"minecraft:glass":3,"minecraft:tall_grass":4,"minecraft:cobblestone":10,"minecraft:sugar_cane":3,"minecraft:diorite":2,"mores:tin_ore":11,"minecraft:wall_torch":11,"biomesoplenty:glowworm_silk_strand":1,"minecraft:ice":1,"minecraft:lilac":6,"mores:deepslate_tin_ore":1,"minecraft:white_carpet":3,"minecraft:spruce_log":4,"weeping_angels:kontron_ore":12,"minecraft:grass":40,"biomesoplenty:clover":74,"minecraft:coal_ore":20,"minecraft:oak_log":2,"biomesoplenty:redwood_leaves":26,"minecraft:gravel":32,"minecraft:sand":75,"minecraft:dirt":29,"mores:silver_ore":18,"minecraft:stone_bricks":1,"minecraft:netherrack":26,"minecraft:mossy_stone_bricks":3,"minecraft:oak_leaves":2,"minecraft:fern":1},"minecraft:picked_up":{"biomesoplenty:redwood_log":338,"minecraft:crafting_table":3,"minecraft:splash_potion":1,"minecraft:wooden_pickaxe":2,"mores:stone_battleaxe":3,"gravestone:obituary":20,"minecraft:brewing_stand":1,"minecraft:string":3,"minecraft:flint_and_steel":1,"mores:tourmaline_gem":5,"minecraft:iron_shovel":2,"mores:silver_axe":2,"minecraft:cobbled_deepslate":8,"minecraft:spruce_planks":2,"minecraft:cobblestone_slab":1,"biomesoplenty:cherry_boat":3,"minecraft:iron_pickaxe":4,"biomesoplenty:cherry_planks":39,"minecraft:chest":1,"minecraft:sugar_cane":10,"minecraft:furnace":4,"minecraft:egg":1,"minecraft:raw_iron":13,"minecraft:stick":89,"minecraft:sandstone":2,"minecraft:torch":27,"minecraft:porkchop":16,"minecraft:diorite":2,"minecraft:redstone":9,"minecraft:golden_chestplate":1,"mores:raw_tin":71,"minecraft:arrow":3,"biomesoplenty:redwood_planks":71,"minecraft:rotten_flesh":14,"biomesoplenty:redwood_trapdoor":5,"mores:stone_mace":5,"biomesoplenty:redwood_sapling":29,"mores:cobalt_sword":1,"biomesoplenty:pink_cherry_sapling":8,"biomesoplenty:cherry_door":3,"minecraft:obsidian":11,"minecraft:mutton":35,"minecraft:white_wool":48,"minecraft:cobblestone":226,"minecraft:lilac":12,"mores:bronze_apple":2,"minecraft:water_bucket":1,"minecraft:andesite":2,"minecraft:leather":5,"biomesoplenty:stripped_redwood_log":1,"minecraft:filled_map":3,"mores:tin_mace":1,"minecraft:flint":2,"minecraft:tuff":2,"minecraft:oak_log":2,"toughasnails:purified_water_bottle":10,"minecraft:cobblestone_stairs":6,"minecraft:lapis_lazuli":2,"minecraft:dirt":278,"minecraft:polished_granite":1,"weeping_angels:kontron_ingot":24,"minecraft:glass":24,"minecraft:bone":5,"minecraft:stone_bricks":1,"minecraft:wheat_seeds":19,"mores:silver_ingot":3,"minecraft:iron_ingot":4,"minecraft:stone_pickaxe":5,"minecraft:mossy_stone_bricks":3,"minecraft:glass_bottle":6,"biomesoplenty:cherry_log":69,"minecraft:oak_planks":4,"minecraft:pink_bed":1,"minecraft:cooked_porkchop":2,"mores:cobalt_ingot":2,"minecraft:gravel":37,"minecraft:sand":84,"biomesoplenty:white_cherry_sapling":1,"mores:raw_cobalt":10,"mores:moissanite_gem":2,"minecraft:white_bed":12,"minecraft:spruce_log":4,"minecraft:spider_eye":1,"mores:tin_chestplate":1,"mores:tin_ingot":1,"mores:tin_shovel":1,"toughasnails:water_purifier":1,"minecraft:diamond":3,"minecraft:spruce_boat":1,"minecraft:bone_meal":1,"minecraft:black_wool":1,"mores:raw_silver":18,"minecraft:netherrack":26,"minecraft:coal":26},"minecraft:broken":{"mores:tin_shovel":1,"minecraft:flint_and_steel":1,"mores:tin_chestplate":1,"mores:silver_axe":2},"minecraft:killed_by":{"minecraft:zombie_villager":1,"minecraft:player":5,"minecraft:creeper":2,"minecraft:skeleton":4,"minecraft:zombie":8}},"DataVersion":3120}