{"stats":{"minecraft:killed":{"minecraft:spider":5,"minecraft:sheep":4,"minecraft:zombie":6,"minecraft:cow":3},"minecraft:crafted":{"mores:silver_ingot":1,"minecraft:oak_planks":4,"biomesoplenty:cherry_planks":20,"minecraft:wooden_pickaxe":1,"minecraft:stone_axe":1,"minecraft:air":0,"mores:stone_battleaxe":1,"minecraft:iron_axe":1,"minecraft:stick":28,"minecraft:stone_pickaxe":2},"minecraft:dropped":{"mores:silver_ingot":1,"minecraft:wheat_seeds":6,"minecraft:glass_bottle":2,"minecraft:rotten_flesh":3,"gravestone:obituary":5,"minecraft:wooden_pickaxe":2},"minecraft:used":{"mores:stone_battleaxe":32,"mores:cobalt_shield":1,"minecraft:stone_pickaxe":21,"mores:tin_pickaxe":9,"minecraft:wooden_pickaxe":13,"minecraft:iron_sword":1,"mores:tin_boots":1,"minecraft:dirt":12,"mores:stone_mace":5,"minecraft:stone_axe":109,"minecraft:sweet_berries":7,"toughasnails:purified_water_bottle":2,"minecraft:cooked_porkchop":3,"biomesoplenty:pink_cherry_sapling":3},"minecraft:custom":{"minecraft:interact_with_furnace":21,"minecraft:mob_kills":18,"minecraft:interact_with_crafting_table":10,"minecraft:leave_game":4,"minecraft:time_since_death":4884,"minecraft:sleep_in_bed":29,"minecraft:time_since_rest":4913,"minecraft:sprint_one_cm":215335,"minecraft:damage_taken":1868,"minecraft:walk_one_cm":151625,"minecraft:damage_blocked_by_shield":40,"minecraft:drop":19,"minecraft:damage_dealt":3020,"minecraft:damage_dealt_absorbed":7,"minecraft:swim_one_cm":21783,"minecraft:fly_one_cm":290300,"minecraft:player_kills":2,"minecraft:open_chest":11,"minecraft:crouch_one_cm":685,"minecraft:play_time":105216,"minecraft:deaths":7,"minecraft:sneak_time":401,"minecraft:walk_under_water_one_cm":8609,"minecraft:jump":1284,"minecraft:walk_on_water_one_cm":16932,"minecraft:total_world_time":105216,"minecraft:fall_one_cm":36828},"minecraft:mined":{"minecraft:tuff":2,"biomesoplenty:cherry_log":5,"minecraft:dark_oak_log":20,"minecraft:crafting_table":2,"gravestone:gravestone":6,"biomesoplenty:cherry_planks":1,"minecraft:grass_block":3,"mores:anthracite_ore":1,"minecraft:birch_log":13,"minecraft:iron_ore":5,"minecraft:sweet_berry_bush":20,"mores:deepslate_tin_ore":6,"biomesoplenty:maple_leaves":2,"minecraft:grass":18,"biomesoplenty:clover":24,"minecraft:oak_log":65,"minecraft:sand":11,"minecraft:dirt":4,"minecraft:stone":29,"minecraft:fern":11},"minecraft:picked_up":{"minecraft:birch_log":13,"minecraft:crafting_table":4,"minecraft:leather":1,"minecraft:wooden_pickaxe":1,"mores:stone_battleaxe":1,"minecraft:tuff":2,"minecraft:oak_log":65,"toughasnails:purified_water_bottle":1,"minecraft:string":6,"minecraft:dirt":76,"minecraft:wheat_seeds":6,"minecraft:beef":3,"minecraft:stone_pickaxe":3,"biomesoplenty:cherry_planks":13,"minecraft:iron_sword":1,"biomesoplenty:cherry_log":5,"mores:tin_pickaxe":2,"minecraft:stick":14,"minecraft:raw_iron":5,"minecraft:cooked_porkchop":4,"minecraft:sweet_berries":51,"minecraft:sand":13,"minecraft:dark_oak_log":20,"mores:tin_boots":1,"mores:raw_tin":19,"biomesoplenty:maple_sapling":1,"minecraft:rotten_flesh":5,"minecraft:stone_axe":1,"mores:anthracite":1,"mores:stone_mace":2,"mores:cobalt_shield":1,"minecraft:gray_wool":1,"mores:raw_silver":2,"biomesoplenty:pink_cherry_sapling":3,"minecraft:mutton":7,"minecraft:white_wool":3,"minecraft:cobblestone":28},"minecraft:broken":{"minecraft:stone_pickaxe":1},"minecraft:killed_by":{"minecraft:player":1,"minecraft:creeper":1,"minecraft:zombie":1}},"DataVersion":3120}