{"stats":{"minecraft:killed":{"minecraft:spider":2,"minecraft:chicken":4,"minecraft:drowned":1,"minecraft:wandering_trader":1,"minecraft:sheep":21,"minecraft:trader_llama":2,"minecraft:zombie":3,"minecraft:cow":17},"minecraft:crafted":{"minecraft:oak_planks":28,"biomesoplenty:cherry_planks":592,"mores:tin_pickaxe":1,"minecraft:pink_bed":1,"minecraft:furnace":1,"minecraft:pink_dye":4,"minecraft:cooked_mutton":36,"minecraft:glass":14,"minecraft:ladder":12,"biomesoplenty:cherry_door":6,"mores:tin_ingot":45,"minecraft:stone_pickaxe":3,"minecraft:chest":11,"mores:sapphire_axe":1,"minecraft:spruce_boat":1,"minecraft:red_dye":6,"minecraft:cooked_beef":3,"minecraft:glass_bottle":3,"sophisticatedbackpacks:backpack":1,"mores:tin_chestplate":1,"minecraft:crafting_table":6,"minecraft:spruce_planks":40,"mores:cobalt_ingot":33,"mores:cobalt_pickaxe":1,"minecraft:wooden_pickaxe":1,"mores:tin_helmet":1,"minecraft:birch_planks":8,"mores:sapphire_shovel":1,"minecraft:stone_axe":1,"mores:tin_leggings":1,"minecraft:air":0,"biomesoplenty:cherry_trapdoor":2,"biomesoplenty:redwood_boat":1,"minecraft:red_stained_glass":8,"minecraft:charcoal":3,"mores:tin_sword":1,"mores:tin_boots":2,"minecraft:diamond_pickaxe":2,"minecraft:pink_wool":3,"minecraft:stick":52,"minecraft:wooden_axe":1,"minecraft:gold_ingot":9,"minecraft:white_bed":2,"minecraft:torch":60},"minecraft:dropped":{"minecraft:wheat_seeds":2,"minecraft:glass_bottle":1,"minecraft:diamond":3,"minecraft:cooked_porkchop":1,"minecraft:cobblestone":6,"mores:sapphire_shovel":1,"mores:bronze_apple":1,"minecraft:dirt":35,"mores:tourmaline_gem":3,"minecraft:bone_meal":1,"minecraft:white_wool":3,"minecraft:bricks":1,"mores:moissanite_gem":2,"mores:sapphire_axe":1,"minecraft:obsidian":5,"biomesoplenty:redwood_planks":4,"minecraft:light_gray_carpet":3,"mores:tin_boots":1,"minecraft:filled_map":2,"toughasnails:purified_water_bottle":1,"mores:raw_silver":1,"minecraft:arrow":1,"minecraft:beef":1,"minecraft:stone_pickaxe":1},"minecraft:used":{"biomesoplenty:cherry_log":56,"minecraft:ladder":13,"mores:tin_pickaxe":16,"minecraft:chest":11,"minecraft:torch":104,"minecraft:dirt":186,"mores:silver_apple":1,"minecraft:granite":5,"minecraft:spruce_boat":1,"mores:tin_sword":48,"minecraft:wooden_axe":43,"biomesoplenty:cherry_planks":558,"biomesoplenty:cherry_trapdoor":1,"biomesoplenty:redwood_boat":1,"biomesoplenty:white_cherry_sapling":7,"minecraft:furnace":2,"mores:tin_shield":1,"minecraft:cooked_beef":3,"minecraft:enchanted_golden_apple":1,"minecraft:cobbled_deepslate":35,"mores:sapphire_axe":317,"minecraft:cooked_mutton":9,"minecraft:diorite":1,"minecraft:red_stained_glass":4,"minecraft:glass_bottle":11,"minecraft:stone_pickaxe":244,"minecraft:wooden_pickaxe":6,"biomesoplenty:cherry_door":9,"minecraft:golden_apple":1,"mores:stone_mace":54,"minecraft:red_bed":2,"minecraft:crafting_table":13,"mores:tin_leggings":1,"minecraft:white_bed":5,"mores:sapphire_shovel":380,"minecraft:oak_log":2,"minecraft:diamond_pickaxe":1975,"mores:cobalt_pickaxe":351,"minecraft:stone_axe":150,"minecraft:pink_bed":2,"minecraft:potion":8,"minecraft:cobblestone":211,"toughasnails:purified_water_bottle":3,"biomesoplenty:pink_cherry_sapling":16},"minecraft:custom":{"minecraft:mob_kills":52,"minecraft:interact_with_crafting_table":58,"minecraft:leave_game":4,"minecraft:time_since_death":2711,"minecraft:damage_resisted":56,"minecraft:climb_one_cm":18948,"minecraft:sprint_one_cm":344059,"minecraft:walk_one_cm":746546,"minecraft:damage_blocked_by_shield":255,"minecraft:drop":27,"minecraft:play_time":254205,"minecraft:deaths":9,"minecraft:sneak_time":31377,"minecraft:walk_under_water_one_cm":35442,"minecraft:boat_one_cm":63432,"minecraft:jump":3679,"minecraft:walk_on_water_one_cm":61639,"minecraft:total_world_time":254205,"minecraft:interact_with_furnace":54,"minecraft:sleep_in_bed":19,"minecraft:time_since_rest":2744,"minecraft:damage_taken":2460,"minecraft:damage_absorbed":40,"minecraft:damage_dealt":6030,"minecraft:swim_one_cm":27408,"minecraft:fly_one_cm":698419,"minecraft:player_kills":3,"minecraft:open_chest":74,"minecraft:crouch_one_cm":100920,"minecraft:use_cauldron":4,"minecraft:fall_one_cm":124399},"minecraft:mined":{"minecraft:crying_obsidian":1,"minecraft:tuff":42,"minecraft:spruce_planks":1,"biomesoplenty:cherry_log":220,"minecraft:white_bed":3,"weeping_angels:deepslate_kontron_ore":7,"minecraft:pink_bed":1,"minecraft:deepslate_diamond_ore":19,"minecraft:obsidian":7,"minecraft:ladder":1,"minecraft:granite":7,"gravestone:gravestone":10,"biomesoplenty:bush":2,"minecraft:grass_block":104,"minecraft:sandstone":2,"minecraft:magma_block":1,"minecraft:redstone_ore":1,"mores:deepslate_tourmaline_ore":12,"minecraft:furnace":4,"minecraft:iron_ore":32,"minecraft:fire":3,"minecraft:cobbled_deepslate":2,"minecraft:andesite":34,"biomesoplenty:cherry_door":5,"minecraft:deepslate_lapis_ore":13,"minecraft:peony":10,"minecraft:gold_block":1,"mores:deepslate_cobalt_ore":3,"biomesoplenty:pink_cherry_leaves":43,"mores:deepslate_sapphire_ore":4,"minecraft:deepslate_iron_ore":14,"minecraft:stone":1695,"minecraft:light_gray_carpet":1,"mores:deepslate_moissanite_ore":7,"biomesoplenty:redwood_planks":7,"mores:cobalt_ore":35,"minecraft:red_bed":2,"biomesoplenty:stripped_cherry_log":1,"minecraft:crafting_table":9,"minecraft:torch":26,"biomesoplenty:cherry_planks":108,"minecraft:poppy":13,"minecraft:chest":1,"minecraft:cobblestone":49,"mores:anthracite_ore":6,"minecraft:copper_ore":6,"minecraft:deepslate_gold_ore":2,"minecraft:lapis_ore":1,"minecraft:sugar_cane":25,"minecraft:bricks":1,"minecraft:diorite":91,"mores:tin_ore":23,"minecraft:wall_torch":45,"mores:deepslate_ruby_ore":3,"biomesoplenty:white_cherry_leaves":18,"minecraft:birch_log":2,"minecraft:lilac":1,"minecraft:white_carpet":3,"mores:deepslate_tin_ore":5,"minecraft:spruce_log":17,"weeping_angels:kontron_ore":14,"minecraft:grass":45,"biomesoplenty:clover":33,"minecraft:coal_ore":116,"minecraft:oak_log":15,"minecraft:gravel":180,"minecraft:sand":39,"minecraft:dirt":150,"mores:silver_ore":14,"mores:deepslate_silver_ore":3,"mores:deepslate_topaz_ore":9,"minecraft:deepslate":235,"minecraft:fern":3},"minecraft:picked_up":{"minecraft:crafting_table":9,"minecraft:ladder":1,"minecraft:chicken":8,"minecraft:lead":2,"minecraft:gold_block":1,"gravestone:obituary":1,"minecraft:string":4,"minecraft:red_bed":2,"minecraft:raw_copper":20,"mores:tourmaline_gem":12,"minecraft:white_carpet":6,"minecraft:cobbled_deepslate":242,"minecraft:spruce_planks":1,"minecraft:beef":53,"minecraft:poppy":13,"minecraft:light_gray_wool":2,"biomesoplenty:cherry_planks":106,"minecraft:sugar_cane":65,"minecraft:chest":1,"minecraft:furnace":4,"minecraft:egg":6,"minecraft:sandstone":2,"minecraft:stick":27,"minecraft:raw_iron":48,"minecraft:torch":83,"minecraft:porkchop":1,"mores:sapphire_shovel":1,"mores:topaz_gem":9,"minecraft:diorite":93,"minecraft:redstone":4,"mores:raw_tin":106,"minecraft:arrow":1,"biomesoplenty:redwood_planks":24,"minecraft:rotten_flesh":5,"minecraft:peony":10,"mores:stone_mace":2,"minecraft:obsidian":6,"biomesoplenty:cherry_door":7,"biomesoplenty:pink_cherry_sapling":16,"minecraft:mutton":64,"minecraft:white_wool":34,"minecraft:rail":1,"minecraft:cobblestone":1761,"minecraft:birch_log":2,"minecraft:magma_block":1,"mores:bronze_apple":1,"minecraft:feather":6,"minecraft:cooked_beef":1,"mores:tin_shield":1,"minecraft:glow_ink_sac":3,"minecraft:andesite":34,"minecraft:brown_wool":2,"minecraft:leather":36,"minecraft:filled_map":2,"minecraft:flint":13,"minecraft:tuff":47,"minecraft:oak_log":15,"toughasnails:purified_water_bottle":2,"mores:steel_ingot":2,"minecraft:lapis_lazuli":101,"minecraft:dirt":340,"weeping_angels:kontron_ingot":25,"minecraft:bone":3,"biomesoplenty:stripped_cherry_log":1,"minecraft:wheat_seeds":8,"minecraft:raw_gold":2,"mores:sapphire_axe":1,"minecraft:stone_pickaxe":1,"minecraft:mossy_stone_bricks":3,"minecraft:glass_bottle":3,"biomesoplenty:cherry_log":264,"minecraft:pink_bed":1,"minecraft:cooked_porkchop":1,"minecraft:gravel":189,"mores:ruby_gem":3,"minecraft:sand":40,"biomesoplenty:white_cherry_sapling":7,"mores:raw_cobalt":38,"mores:moissanite_gem":7,"minecraft:white_bed":4,"minecraft:spruce_log":17,"minecraft:crying_obsidian":1,"mores:sapphire_gem":4,"minecraft:diamond":18,"mores:anthracite":6,"minecraft:granite":9,"minecraft:bone_meal":1,"minecraft:light_gray_carpet":3,"mores:raw_silver":23,"minecraft:bricks":1,"minecraft:coal":116,"mores:silver_apple":1},"minecraft:broken":{"minecraft:stone_pickaxe":1,"mores:cobalt_pickaxe":1,"minecraft:diamond_pickaxe":1,"minecraft:stone_axe":1,"minecraft:wooden_axe":1},"minecraft:killed_by":{"minecraft:player":3,"minecraft:skeleton":1,"minecraft:zombie":1}},"DataVersion":3120}